ID;LAT;LON;DEP;X;Y;Z;EX;EY;EZ;YR;MO;DY;HR;MI;SC;MAG;NCCP;NCCS;NCTP;NCTS;RCC;RCT;CID;;;ID_old;Date;MW;CCC
1;0;0;0;211;225;166;9;11;6;2014;4;13;17;57;25;0.74;;;;;;;;;;2.01404E+13;13.04.14;1.33;0.88
2;0;0;0;185;231;142;9;14;6;2014;4;13;21;8;1;0.83;;;;;;;;;;2.01404E+13;13.04.14;1.39;1
3;0;0;0;243;164;173;10;14;6;2014;4;13;22;0;28;0.35;;;;;;;;;;2.01404E+13;13.04.14;1.07;0.84
4;0;0;0;170;219;124;10;14;6;2014;4;13;22;58;6;0.75;;;;;;;;;;2.01404E+13;13.04.14;1.33;0.97
5;0;0;0;196;166;134;10;16;6;2014;4;13;23;24;8;0.3;;;;;;;;;;2.01404E+13;13.04.14;1.03;0.93
6;0;0;0;226;172;163;9;14;6;2014;4;14;1;17;54;1.11;;;;;;;;;;2.01404E+13;14.04.14;1.57;0.93
7;0;0;0;210;258;183;15;16;6;2014;4;14;1;55;26;0.22;;;;;;;;;;2.01404E+13;14.04.14;0.98;0.92
8;0;0;0;199;275;182;10;14;6;2014;4;14;2;21;12;0.52;;;;;;;;;;2.01404E+13;14.04.14;1.18;0.93
9;0;0;0;212;228;170;10;14;6;2014;4;14;2;37;6;1.14;;;;;;;;;;2.01404E+13;14.04.14;1.59;0.93
10;0;0;0;207;259;182;10;14;6;2014;4;14;3;25;4;0.99;;;;;;;;;;2.01404E+13;14.04.14;1.5;0.94
11;0;0;0;168;242;134;9;14;6;2014;4;14;3;37;25;1.39;;;;;;;;;;2.01404E+13;14.04.14;1.76;0.9
12;0;0;0;206;193;151;10;16;6;2014;4;14;3;51;5;0.43;;;;;;;;;;2.01404E+13;14.04.14;1.12;0.9
13;0;0;0;280;99;171;13;18;6;2014;4;14;6;38;31;0.25;;;;;;;;;;2.01404E+13;14.04.14;1;0.85
14;0;0;0;248;103;154;10;16;6;2014;4;14;8;14;59;0.66;;;;;;;;;;2.01404E+13;14.04.14;1.27;0.85
15;0;0;0;243;126;166;9;11;6;2014;4;14;8;15;25;0.75;;;;;;;;;;2.01404E+13;14.04.14;1.33;0.88
16;0;0;0;266;208;191;15;16;6;2014;4;14;8;50;56;0.34;;;;;;;;;;2.01404E+13;14.04.14;1.06;0.86
17;0;0;0;275;113;188;9;14;6;2014;4;14;9;54;2;0.97;;;;;;;;;;2.01404E+13;14.04.14;1.48;0.85
18;0;0;0;172;213;125;9;11;6;2014;4;14;10;26;18;0.85;;;;;;;;;;2.01404E+13;14.04.14;1.4;0.99
19;0;0;0;284;216;187;18;21;8;2014;4;14;10;42;43;0.28;;;;;;;;;;2.01404E+13;14.04.14;1.02;0.85
20;0;0;0;240;166;172;10;14;6;2014;4;14;12;21;45;0.58;;;;;;;;;;2.01404E+13;14.04.14;1.22;0.88
21;0;0;0;132;227;104;17;18;7;2014;4;14;12;59;49;0.31;;;;;;;;;;2.01404E+13;14.04.14;1.04;0.91
22;0;0;0;140;233;104;9;11;6;2014;4;14;13;44;21;1.57;;;;;;;;;;2.01404E+13;14.04.14;1.88;0.92
23;0;0;0;116;251;88;9;14;6;2014;4;14;17;53;9;1.53;;;;;;;;;;2.01404E+13;14.04.14;1.86;0.84
24;0;0;0;99;293;109;10;11;6;2014;4;14;19;50;37;0.5;;;;;;;;;;2.01404E+13;14.04.14;1.17;0.76
25;0;0;0;271;226;209;15;18;6;2014;4;15;14;48;40;0.47;;;;;;;;;;2.01404E+13;15.04.14;1.15;0.8
26;0;0;0;154;296;158;15;18;8;2014;4;18;4;26;50;0.46;;;;;;;;;;2.01404E+13;18.04.14;1.14;0.84
27;0;0;0;199;341;237;17;21;8;2014;4;18;8;4;40;0.38;;;;;;;;;;2.01404E+13;18.04.14;1.09;0.85
28;0;0;0;164;129;92;9;16;6;2014;4;20;9;53;54;0.9;;;;;;;;;;2.01404E+13;20.04.14;1.44;0.87
29;0;0;0;234;84;126;9;11;6;2014;4;21;21;48;7;1.12;;;;;;;;;;2.01404E+13;21.04.14;1.58;0.86
30;0;0;0;138;106;82;15;23;8;2014;4;23;5;40;47;0.65;;;;;;;;;;2.01404E+13;23.04.14;1.27;0.89
31;0;0;0;179;106;96;13;16;6;2014;4;23;12;13;2;0.59;;;;;;;;;;2.01404E+13;23.04.14;1.23;0.84
32;0;0;0;74;196;13;9;11;6;2014;4;24;18;12;14;0.45;;;;;;;;;;2.01404E+13;24.04.14;1.13;0.78
33;0;0;0;99;219;58;9;14;6;2014;4;24;20;55;40;0.88;;;;;;;;;;2.01404E+13;24.04.14;1.42;0.81
34;0;0;0;188;374;243;12;16;6;2014;4;27;4;22;59;0.61;;;;;;;;;;2.01404E+13;27.04.14;1.24;1
35;0;0;0;205;376;264;10;14;6;2014;4;28;2;9;52;0.35;;;;;;;;;;2.01404E+13;28.04.14;1.07;0.95
36;0;0;0;178;385;233;10;14;6;2014;4;28;11;21;23;0.87;;;;;;;;;;2.01404E+13;28.04.14;1.41;0.94
37;0;0;0;178;368;231;10;14;6;2014;4;28;18;35;49;0.72;;;;;;;;;;2.01404E+13;28.04.14;1.31;0.97
38;0;0;0;214;330;241;20;23;8;2014;4;28;18;35;53;0.39;;;;;;;;;;2.01404E+13;28.04.14;1.09;0.82
39;0;0;0;187;416;265;13;16;7;2014;4;28;18;53;25;0.46;;;;;;;;;;2.01404E+13;28.04.14;1.14;0.88
40;0;0;0;243;353;303;15;16;6;2014;4;28;19;45;18;0.53;;;;;;;;;;2.01404E+13;28.04.14;1.19;0.88
41;0;0;0;171;371;222;10;14;6;2014;4;28;22;36;32;0.68;;;;;;;;;;2.01404E+13;28.04.14;1.29;0.93
42;0;0;0;203;387;275;12;14;6;2014;4;28;22;48;52;0.67;;;;;;;;;;2.01404E+13;28.04.14;1.28;0.95
43;0;0;0;218;381;286;12;16;6;2014;4;29;7;10;41;0.86;;;;;;;;;;2.01404E+13;29.04.14;1.4;0.95
44;0;0;0;270;321;325;10;14;6;2014;4;30;7;50;16;0.55;;;;;;;;;;2.01404E+13;30.04.14;1.2;0.82
45;0;0;0;259;346;335;18;23;9;2014;4;30;7;52;23;0.54;;;;;;;;;;2.01404E+13;30.04.14;1.19;0.86
46;0;0;0;152;425;226;10;14;6;2014;4;30;15;17;20;0.86;;;;;;;;;;2.01404E+13;30.04.14;1.41;0.93
47;0;0;0;193;381;250;15;18;8;2014;4;30;15;33;54;0.48;;;;;;;;;;2.01404E+13;30.04.14;1.16;0.98
48;0;0;0;283;151;182;18;21;8;2014;5;5;9;53;3;0.24;;;;;;;;;;2.01405E+13;05.05.14;1;0.85
49;0;0;0;206;30;116;10;14;6;2014;5;8;4;26;16;0.6;;;;;;;;;;2.01405E+13;08.05.14;1.23;0.94
50;0;0;0;191;34;108;9;11;6;2014;5;10;1;12;45;1.68;;;;;;;;;;2.01405E+13;10.05.14;1.95;0.92
51;0;0;0;216;116;128;9;16;6;2014;5;10;1;43;49;2.68;;;;;;;;;;2.01405E+13;10.05.14;2.61;0.72
52;0;0;0;210;258;186;10;11;6;2014;5;10;1;50;30;1.35;;;;;;;;;;2.01405E+13;10.05.14;1.73;0.91
53;0;0;0;165;222;123;9;14;6;2014;5;10;1;52;9;0.32;;;;;;;;;;2.01405E+13;10.05.14;1.05;0.9
54;0;0;0;161;275;153;10;14;6;2014;5;10;1;59;30;0.84;;;;;;;;;;2.01405E+13;10.05.14;1.39;0.86
55;0;0;0;156;33;98;9;16;7;2014;5;11;17;27;51;2.05;;;;;;;;;;2.01405E+13;11.05.14;2.2;0.93
56;0;0;0;134;127;82;9;14;6;2014;5;17;20;27;30;0.68;;;;;;;;;;2.01405E+13;17.05.14;1.29;0.94
57;0;0;0;136;106;83;9;14;6;2014;5;17;20;30;51;0.84;;;;;;;;;;2.01405E+13;17.05.14;1.4;0.86
58;0;0;0;186;-4;113;9;14;6;2014;5;18;2;58;43;1.12;;;;;;;;;;2.01405E+13;18.05.14;1.58;1
59;0;0;0;132;0;88;12;14;6;2014;5;20;3;6;38;0.66;;;;;;;;;;2.01405E+13;20.05.14;1.27;0.78
60;0;0;0;155;120;95;9;14;6;2014;5;23;7;53;58;0.69;;;;;;;;;;2.01405E+13;23.05.14;1.29;0.87
61;0;0;0;215;36;120;9;14;6;2014;5;25;1;6;8;0.73;;;;;;;;;;2.01405E+13;25.05.14;1.32;0.95
62;0;0;0;121;334;137;9;14;6;2014;5;25;18;6;26;1.26;;;;;;;;;;2.01405E+13;25.05.14;1.68;0.87
63;0;0;0;122;313;135;9;11;6;2014;5;25;18;7;41;0.88;;;;;;;;;;2.01405E+13;25.05.14;1.42;0.86
64;0;0;0;47;362;34;10;14;6;2014;5;26;1;29;48;0.39;;;;;;;;;;2.01405E+13;26.05.14;1.09;0.77
65;0;0;0;84;131;39;9;16;7;2014;5;27;10;3;39;1.04;;;;;;;;;;2.01405E+13;27.05.14;1.53;1
66;0;0;0;86;186;35;12;21;10;2014;5;28;7;39;35;0.83;;;;;;;;;;2.01405E+13;28.05.14;1.39;0.89
67;0;0;0;136;147;84;13;18;6;2014;5;28;16;14;53;0.56;;;;;;;;;;2.01405E+13;28.05.14;1.21;0.9
68;0;0;0;253;409;397;10;14;6;2014;5;30;3;8;35;1.12;;;;;;;;;;2.01405E+13;30.05.14;1.58;0.91
69;0;0;0;330;293;406;20;21;12;2014;5;30;6;0;33;0.36;;;;;;;;;;2.01405E+13;30.05.14;1.08;0.85
70;0;0;0;154;-40;114;9;14;6;2014;5;30;10;15;57;1.04;;;;;;;;;;2.01405E+13;30.05.14;1.53;0.96
71;0;0;0;121;55;72;9;14;6;2014;6;3;2;46;16;1.14;;;;;;;;;;2.01406E+13;03.06.14;1.59;0.81
72;0;0;0;156;-38;113;9;14;6;2014;6;7;3;53;14;1.73;;;;;;;;;;2.01406E+13;07.06.14;1.99;0.85
73;0;0;0;44;267;40;9;11;6;2014;6;9;21;0;54;0.6;;;;;;;;;;2.01406E+13;09.06.14;1.23;0.83
74;0;0;0;209;225;163;18;26;7;2014;6;11;19;46;6;0.5;;;;;;;;;;2.01406E+13;11.06.14;1.16;0.92
75;0;0;0;264;289;184;21;33;8;2014;6;11;19;59;17;0.26;;;;;;;;;;2.01406E+13;11.06.14;1.01;0.92
76;0;0;0;39;253;27;9;14;6;2014;6;13;20;31;40;1.22;;;;;;;;;;2.01406E+13;13.06.14;1.65;0.85
77;0;0;0;15;249;-22;12;28;13;2014;6;14;14;51;11;0.74;;;;;;;;;;2.01406E+13;14.06.14;1.33;0.95
78;0;0;0;-17;267;-35;18;23;9;2014;6;14;17;10;47;0.48;;;;;;;;;;2.01406E+13;14.06.14;1.15;0.96
79;0;0;0;-18;229;-59;9;14;6;2014;6;14;20;27;6;1.13;;;;;;;;;;2.01406E+13;14.06.14;1.58;1
80;0;0;0;51;207;0;23;26;11;2014;6;15;17;34;28;0.35;;;;;;;;;;2.01406E+13;15.06.14;1.07;0.87
81;0;0;0;-22;208;-64;12;26;11;2014;6;17;3;47;16;2.05;;;;;;;;;;2.01406E+13;17.06.14;2.2;0.94
82;0;0;0;-22;283;63;18;23;8;2014;6;17;4;55;42;0.71;;;;;;;;;;2.01406E+13;17.06.14;1.31;0.83
83;0;0;0;82;175;46;9;11;6;2014;6;17;4;58;17;2.02;;;;;;;;;;2.01406E+13;17.06.14;2.18;0.77
84;0;0;0;-27;175;-55;9;14;6;2014;6;17;21;14;9;0.99;;;;;;;;;;2.01406E+13;17.06.14;1.5;0.9
85;0;0;0;150;233;114;10;14;6;2014;6;18;6;3;26;0.76;;;;;;;;;;2.01406E+13;18.06.14;1.34;0.95
86;0;0;0;188;129;-51;48;30;12;2014;6;19;8;56;30;-0.17;;;;;;;;;;2.01406E+13;19.06.14;0.72;0.86
87;0;0;0;14;165;-28;9;16;6;2014;6;19;10;21;3;1.04;;;;;;;;;;2.01406E+13;19.06.14;1.53;0.84
88;0;0;0;26;123;1;21;30;8;2014;6;19;17;20;21;-0.34;;;;;;;;;;2.01406E+13;19.06.14;0.6;0.77
89;0;0;0;76;69;11;29;47;6;2014;6;19;17;34;47;-0.76;;;;;;;;;;2.01406E+13;19.06.14;0.32;0.75
90;0;0;0;17;69;16;27;56;8;2014;6;19;22;35;10;-1.07;;;;;;;;;;2.01406E+13;19.06.14;0.12;0.73
91;0;0;0;67;43;32;18;18;7;2014;6;20;0;15;43;-0.53;;;;;;;;;;2.01406E+13;20.06.14;0.48;0.93
92;0;0;0;59;14;43;21;21;8;2014;6;20;3;4;3;-0.69;;;;;;;;;;2.01406E+13;20.06.14;0.37;0.83
93;0;0;0;76;24;40;18;18;7;2014;6;20;3;9;19;-0.57;;;;;;;;;;2.01406E+13;20.06.14;0.46;0.9
94;0;0;0;77;23;41;21;21;7;2014;6;20;4;12;8;-0.93;;;;;;;;;;2.01406E+13;20.06.14;0.21;0.65
95;0;0;0;65;188;4;23;26;6;2014;6;20;9;50;5;-0.69;;;;;;;;;;2.01406E+13;20.06.14;0.38;0.67
96;0;0;0;-3;267;-28;17;16;6;2014;6;20;11;7;19;0.28;;;;;;;;;;2.01406E+13;20.06.14;1.02;0.85
97;0;0;0;49;133;8;26;26;6;2014;6;20;14;10;0;-0.36;;;;;;;;;;2.01406E+13;20.06.14;0.59;0.76
98;0;0;0;55;-7;47;13;16;6;2014;6;21;1;6;33;-0.09;;;;;;;;;;2.01406E+13;21.06.14;0.77;0.89
99;0;0;0;45;11;35;13;16;6;2014;6;21;2;20;11;0.09;;;;;;;;;;2.01406E+13;21.06.14;0.89;1
100;0;0;0;-41;171;-61;9;14;6;2014;6;21;3;5;2;0.84;;;;;;;;;;2.01406E+13;21.06.14;1.4;0.92
101;0;0;0;37;167;1;27;42;8;2014;6;21;4;51;28;-0.66;;;;;;;;;;2.01406E+13;21.06.14;0.39;0.85
102;0;0;0;55;-41;49;24;21;8;2014;6;21;7;42;6;-0.83;;;;;;;;;;2.01406E+13;21.06.14;0.28;0.79
103;0;0;0;50;-29;47;15;18;6;2014;6;21;7;44;7;-0.04;;;;;;;;;;2.01406E+13;21.06.14;0.81;0.92
104;0;0;0;27;340;36;32;30;9;2014;6;21;23;13;29;-0.54;;;;;;;;;;2.01406E+13;21.06.14;0.48;0.74
105;0;0;0;-57;216;-90;27;30;10;2014;6;22;6;15;36;-0.75;;;;;;;;;;2.01406E+13;22.06.14;0.33;0.75
106;0;0;0;16;414;112;21;23;8;2014;6;22;6;30;37;-0.1;;;;;;;;;;2.01406E+13;22.06.14;0.77;0.77
107;0;0;0;46;161;0;20;21;5;2014;6;22;12;44;37;-0.22;;;;;;;;;;2.01406E+13;22.06.14;0.69;0.87
108;0;0;0;88;34;39;35;68;8;2014;6;22;16;57;52;-0.82;;;;;;;;;;2.01406E+13;22.06.14;0.28;0.85
109;0;0;0;91;63;-12;31;49;7;2014;6;22;17;6;28;-0.67;;;;;;;;;;2.01406E+13;22.06.14;0.38;0.85
110;0;0;0;0;204;-73;29;35;10;2014;6;22;17;21;39;-0.73;;;;;;;;;;2.01406E+13;22.06.14;0.35;0.86
111;0;0;0;-113;245;-27;38;52;14;2014;6;23;0;18;29;-0.47;;;;;;;;;;2.01406E+13;23.06.14;0.52;0.68
112;0;0;0;-56;209;-79;15;21;9;2014;6;23;1;32;35;-0.2;;;;;;;;;;2.01406E+13;23.06.14;0.7;0.88
113;0;0;0;-92;239;-26;43;56;13;2014;6;23;2;35;45;-0.44;;;;;;;;;;2.01406E+13;23.06.14;0.54;0.77
114;0;0;0;55;0;44;18;23;7;2014;6;23;10;50;59;0.17;;;;;;;;;;2.01406E+13;23.06.14;0.95;0.93
115;0;0;0;78;31;52;10;14;6;2014;6;25;0;46;17;0.25;;;;;;;;;;2.01406E+13;25.06.14;1;0.96
116;0;0;0;231;66;316;15;21;38;2014;6;25;9;33;56;2.67;;;;;;;;;;2.01406E+13;25.06.14;2.61;0.58
117;0;0;0;61;53;47;18;26;8;2014;6;25;9;37;43;-0.22;;;;;;;;;;2.01406E+13;25.06.14;0.69;0.81
118;0;0;0;21;156;29;24;23;7;2014;6;25;10;0;17;-0.11;;;;;;;;;;2.01406E+13;25.06.14;0.76;0.92
119;0;0;0;170;284;161;24;23;8;2014;6;25;11;48;52;0.19;;;;;;;;;;2.01406E+13;25.06.14;0.96;0.84
120;0;0;0;50;83;27;9;11;6;2014;6;25;18;35;9;0.48;;;;;;;;;;2.01406E+13;25.06.14;1.15;0.88
121;0;0;0;200;-83;148;29;42;14;2014;6;26;19;8;13;-0.27;;;;;;;;;;2.01406E+13;26.06.14;0.65;0.63
122;0;0;0;112;176;108;26;47;6;2014;6;26;21;6;2;-0.41;;;;;;;;;;2.01406E+13;26.06.14;0.56;0.83
123;0;0;0;166;-2;6;24;42;11;2014;6;27;5;16;10;-0.67;;;;;;;;;;2.01406E+13;27.06.14;0.39;0.62
124;0;0;0;62;78;19;26;26;8;2014;6;27;7;14;47;-0.67;;;;;;;;;;2.01406E+13;27.06.14;0.39;0.76
125;0;0;0;-32;-30;21;15;23;8;2014;6;28;13;24;45;-0.42;;;;;;;;;;2.01406E+13;28.06.14;0.55;0.84
126;0;0;0;3;116;0;23;23;5;2014;6;29;5;55;37;-0.49;;;;;;;;;;2.01406E+13;29.06.14;0.5;0.81
127;0;0;0;53;66;16;23;28;8;2014;7;1;4;41;32;-0.54;;;;;;;;;;2.01407E+13;01.07.14;0.47;0.85
128;0;0;0;81;122;24;31;28;6;2014;7;1;9;54;17;-0.26;;;;;;;;;;2.01407E+13;01.07.14;0.66;0.94
129;0;0;0;56;165;11;24;26;6;2014;7;1;22;9;10;-0.87;;;;;;;;;;2.01407E+13;01.07.14;0.26;0.77
130;0;0;0;41;27;38;23;23;7;2014;7;2;11;25;34;-0.53;;;;;;;;;;2.01407E+13;02.07.14;0.48;0.82
131;0;0;0;-8;-69;26;29;35;7;2014;7;2;17;22;33;-0.63;;;;;;;;;;2.01407E+13;02.07.14;0.41;0.81
132;0;0;0;73;155;17;43;56;12;2014;7;2;17;45;44;-0.83;;;;;;;;;;2.01407E+13;02.07.14;0.28;0.78
133;0;0;0;138;96;83;12;16;6;2014;7;2;18;55;58;0.15;;;;;;;;;;2.01407E+13;02.07.14;0.93;0.85
134;0;0;0;127;100;73;9;14;6;2014;7;2;18;59;23;0.73;;;;;;;;;;2.01407E+13;02.07.14;1.32;0.89
135;0;0;0;104;119;70;27;26;6;2014;7;2;19;43;33;-0.99;;;;;;;;;;2.01407E+13;02.07.14;0.17;0.62
136;0;0;0;154;116;87;13;14;6;2014;7;2;19;47;18;-0.18;;;;;;;;;;2.01407E+13;02.07.14;0.71;0.81
137;0;0;0;131;144;71;9;14;6;2014;7;2;20;21;39;1.56;;;;;;;;;;2.01407E+13;02.07.14;1.87;0.89
138;0;0;0;110;118;50;21;33;7;2014;7;2;20;22;23;-0.66;;;;;;;;;;2.01407E+13;02.07.14;0.4;0.81
139;0;0;0;84;19;9;26;47;7;2014;7;2;20;41;30;-0.54;;;;;;;;;;2.01407E+13;02.07.14;0.47;0.85
140;0;0;0;52;102;11;24;23;8;2014;7;2;21;4;26;-0.7;;;;;;;;;;2.01407E+13;02.07.14;0.36;0.8
141;0;0;0;19;138;18;27;54;6;2014;7;2;21;9;38;-0.87;;;;;;;;;;2.01407E+13;02.07.14;0.25;0.75
142;0;0;0;140;72;73;23;37;6;2014;7;2;22;56;45;-0.95;;;;;;;;;;2.01407E+13;02.07.14;0.2;0.69
143;0;0;0;-146;399;15;29;61;8;2014;7;2;23;54;40;-0.7;;;;;;;;;;2.01407E+13;02.07.14;0.37;0.8
144;0;0;0;42;-21;48;21;21;7;2014;7;3;0;53;30;-0.73;;;;;;;;;;2.01407E+13;03.07.14;0.34;0.67
145;0;0;0;71;143;27;21;23;7;2014;7;3;1;25;45;-0.58;;;;;;;;;;2.01407E+13;03.07.14;0.44;0.91
146;0;0;0;31;2;28;23;26;8;2014;7;3;15;3;37;-0.57;;;;;;;;;;2.01407E+13;03.07.14;0.46;0.87
147;0;0;0;57;70;24;15;18;6;2014;7;3;18;1;5;0.09;;;;;;;;;;2.01407E+13;03.07.14;0.89;0.85
148;0;0;0;74;82;19;10;14;6;2014;7;4;17;2;14;0.5;;;;;;;;;;2.01407E+13;04.07.14;1.17;0.86
149;0;0;0;94;70;44;27;33;6;2014;7;4;17;24;54;-0.54;;;;;;;;;;2.01407E+13;04.07.14;0.47;0.84
150;0;0;0;75;84;38;31;35;7;2014;7;4;17;46;35;-0.88;;;;;;;;;;2.01407E+13;04.07.14;0.24;0.83
151;0;0;0;105;44;51;18;18;6;2014;7;4;17;48;42;-0.97;;;;;;;;;;2.01407E+13;04.07.14;0.18;0.74
152;0;0;0;89;46;42;18;18;7;2014;7;4;17;49;34;-0.23;;;;;;;;;;2.01407E+13;04.07.14;0.68;0.95
153;0;0;0;93;75;52;7;11;6;2014;7;4;18;32;24;0.8;;;;;;;;;;2.01407E+13;04.07.14;1.37;0.91
154;0;0;0;73;141;25;9;11;6;2014;7;4;20;49;53;1.78;;;;;;;;;;2.01407E+13;04.07.14;2.02;0.9
155;0;0;0;84;99;39;17;21;6;2014;7;4;20;51;53;-0.61;;;;;;;;;;2.01407E+13;04.07.14;0.43;0.91
156;0;0;0;56;78;19;26;37;7;2014;7;4;20;55;46;-0.81;;;;;;;;;;2.01407E+13;04.07.14;0.29;0.84
157;0;0;0;30;145;-3;18;23;6;2014;7;4;22;39;17;-0.51;;;;;;;;;;2.01407E+13;04.07.14;0.49;0.86
158;0;0;0;182;-16;-14;23;42;11;2014;7;5;0;16;18;-0.83;;;;;;;;;;2.01407E+13;05.07.14;0.28;0.85
159;0;0;0;41;137;-3;12;16;7;2014;7;5;0;18;44;0.38;;;;;;;;;;2.01407E+13;05.07.14;1.09;0.88
160;0;0;0;28;91;9;15;18;6;2014;7;5;0;31;24;-0.48;;;;;;;;;;2.01407E+13;05.07.14;0.51;0.85
161;0;0;0;35;-11;40;20;21;7;2014;7;6;2;33;0;-0.57;;;;;;;;;;2.01407E+13;06.07.14;0.45;0.95
162;0;0;0;68;-12;53;21;23;7;2014;7;6;4;4;42;-0.62;;;;;;;;;;2.01407E+13;06.07.14;0.42;0.8
163;0;0;0;80;54;41;20;28;8;2014;7;6;5;12;49;-0.87;;;;;;;;;;2.01407E+13;06.07.14;0.25;0.7
164;0;0;0;68;6;45;18;23;7;2014;7;6;5;40;29;-0.6;;;;;;;;;;2.01407E+13;06.07.14;0.43;0.81
165;0;0;0;67;61;22;15;18;6;2014;7;6;5;47;36;0.1;;;;;;;;;;2.01407E+13;06.07.14;0.9;0.91
166;0;0;0;34;-43;61;17;21;6;2014;7;9;0;4;44;-0.05;;;;;;;;;;2.01407E+13;09.07.14;0.8;0.88
167;0;0;0;80;49;38;17;18;7;2014;7;9;5;27;53;-0.1;;;;;;;;;;2.01407E+13;09.07.14;0.76;0.75
168;0;0;0;84;42;59;15;16;6;2014;7;9;9;7;10;0.02;;;;;;;;;;2.01407E+13;09.07.14;0.85;0.9
169;0;0;0;-16;-85;56;69;45;12;2014;7;10;18;8;35;-0.73;;;;;;;;;;2.01407E+13;10.07.14;0.35;0.52
170;0;0;0;44;54;38;10;16;6;2014;7;10;21;18;18;1.02;;;;;;;;;;2.01407E+13;10.07.14;1.51;0.89
171;0;0;0;76;33;59;9;11;5;2014;7;10;21;18;59;1.39;;;;;;;;;;2.01407E+13;10.07.14;1.76;0.94
172;0;0;0;43;-24;59;10;14;6;2014;7;10;21;28;40;1.83;;;;;;;;;;2.01407E+13;10.07.14;2.05;0.85
173;0;0;0;-62;-80;20;24;28;7;2014;7;10;21;29;1;0.16;;;;;;;;;;2.01407E+13;10.07.14;0.94;0.78
174;0;0;0;49;114;13;9;11;6;2014;7;10;22;8;37;0.41;;;;;;;;;;2.01407E+13;10.07.14;1.11;0.88
175;0;0;0;47;79;28;31;35;8;2014;7;11;4;25;20;-0.6;;;;;;;;;;2.01407E+13;11.07.14;0.43;0.63
176;0;0;0;-20;-76;53;32;37;10;2014;7;11;10;38;24;-0.33;;;;;;;;;;2.01407E+13;11.07.14;0.61;0.83
177;0;0;0;-96;-89;-5;21;28;8;2014;7;11;12;45;2;-0.18;;;;;;;;;;2.01407E+13;11.07.14;0.71;0.7
178;0;0;0;27;84;13;13;23;9;2014;7;11;14;12;32;0.68;;;;;;;;;;2.01407E+13;11.07.14;1.28;0.85
179;0;0;0;-13;-92;30;24;30;9;2014;7;12;3;24;45;-0.5;;;;;;;;;;2.01407E+13;12.07.14;0.5;0.81
180;0;0;0;5;-67;43;18;21;6;2014;7;12;7;5;11;0.01;;;;;;;;;;2.01407E+13;12.07.14;0.84;1
181;0;0;0;2;-59;38;17;26;7;2014;7;12;15;58;9;-0.25;;;;;;;;;;2.01407E+13;12.07.14;0.67;0.79
182;0;0;0;-66;-57;-12;23;28;7;2014;7;12;22;49;11;-0.57;;;;;;;;;;2.01407E+13;12.07.14;0.46;0.78
183;0;0;0;67;-42;84;20;26;7;2014;7;13;11;4;13;-0.26;;;;;;;;;;2.01407E+13;13.07.14;0.66;0.95
184;0;0;0;74;82;42;17;18;6;2014;7;13;14;16;58;-0.36;;;;;;;;;;2.01407E+13;13.07.14;0.59;0.86
185;0;0;0;-18;-33;27;21;28;8;2014;7;13;14;18;39;-0.53;;;;;;;;;;2.01407E+13;13.07.14;0.48;0.63
186;0;0;0;77;58;48;20;18;6;2014;7;13;18;53;48;-0.53;;;;;;;;;;2.01407E+13;13.07.14;0.48;0.84
187;0;0;0;47;-69;62;9;11;6;2014;7;14;6;39;52;0.91;;;;;;;;;;2.01407E+13;14.07.14;1.44;0.79
188;0;0;0;-5;-124;55;26;30;9;2014;7;14;17;23;32;-0.51;;;;;;;;;;2.01407E+13;14.07.14;0.49;0.82
189;0;0;0;-48;-11;2;17;21;9;2014;7;15;1;1;18;-0.59;;;;;;;;;;2.01407E+13;15.07.14;0.44;0.83
190;0;0;0;35;-76;70;26;26;7;2014;7;15;10;10;45;0.34;;;;;;;;;;2.01407E+13;15.07.14;1.06;0.85
191;0;0;0;-29;-101;37;34;45;10;2014;7;15;10;36;42;-0.24;;;;;;;;;;2.01407E+13;15.07.14;0.67;0.93
192;0;0;0;12;-53;39;10;16;6;2014;7;16;1;43;6;0.68;;;;;;;;;;2.01407E+13;16.07.14;1.28;0.93
193;0;0;0;-4;-68;24;15;21;5;2014;7;16;4;3;15;-0.18;;;;;;;;;;2.01407E+13;16.07.14;0.71;0.8
194;0;0;0;-29;-6;12;32;37;9;2014;7;18;20;53;18;-0.66;;;;;;;;;;2.01407E+13;18.07.14;0.39;0.76
195;0;0;0;-55;-11;-4;20;21;8;2014;7;18;21;22;35;-0.09;;;;;;;;;;2.01407E+13;18.07.14;0.77;0.87
196;0;0;0;-70;-24;-51;24;30;8;2014;7;18;22;35;29;-0.58;;;;;;;;;;2.01407E+13;18.07.14;0.45;0.92
197;0;0;0;-112;-37;-63;18;23;5;2014;7;19;12;24;0;-0.4;;;;;;;;;;2.01407E+13;19.07.14;0.57;0.86
198;0;0;0;-24;-49;21;32;30;7;2014;7;20;7;54;10;-0.84;;;;;;;;;;2.01407E+13;20.07.14;0.28;0.64
199;0;0;0;-52;19;-56;24;35;7;2014;7;20;10;53;40;-0.61;;;;;;;;;;2.01407E+13;20.07.14;0.43;0.83
200;0;0;0;-63;-4;-21;9;16;6;2014;7;20;12;12;20;0.49;;;;;;;;;;2.01407E+13;20.07.14;1.16;1
201;0;0;0;-114;-22;-70;29;26;12;2014;7;20;13;41;1;-0.29;;;;;;;;;;2.01407E+13;20.07.14;0.64;0.88
202;0;0;0;-84;156;-95;23;26;9;2014;7;21;0;1;37;-0.48;;;;;;;;;;2.01407E+13;21.07.14;0.51;0.8
203;0;0;0;-111;-92;-36;24;33;8;2014;7;21;3;29;8;-0.8;;;;;;;;;;2.01407E+13;21.07.14;0.3;0.69
204;0;0;0;-30;-24;4;23;28;10;2014;7;21;3;44;27;-0.39;;;;;;;;;;2.01407E+13;21.07.14;0.57;0.83
205;0;0;0;-78;-48;-50;49;59;14;2014;7;21;15;47;35;-0.69;;;;;;;;;;2.01407E+13;21.07.14;0.37;0.77
206;0;0;0;-92;-31;-70;31;37;8;2014;7;21;17;16;6;-0.57;;;;;;;;;;2.01407E+13;21.07.14;0.45;0.81
207;0;0;0;-2;-54;28;18;23;6;2014;7;21;23;37;19;-0.58;;;;;;;;;;2.01407E+13;21.07.14;0.45;0.74
208;0;0;0;21;-71;46;17;21;6;2014;7;22;1;1;27;0.24;;;;;;;;;;2.01407E+13;22.07.14;0.99;0.89
209;0;0;0;34;27;49;17;21;7;2014;7;22;1;40;9;-0.29;;;;;;;;;;2.01407E+13;22.07.14;0.64;0.81
210;0;0;0;3;-121;38;13;21;6;2014;7;22;2;3;37;0.14;;;;;;;;;;2.01407E+13;22.07.14;0.92;0.91
211;0;0;0;-59;-21;-40;23;28;8;2014;7;23;8;15;30;-0.26;;;;;;;;;;2.01407E+13;23.07.14;0.66;0.9
212;0;0;0;12;-71;28;7;11;5;2014;7;23;23;34;56;1.4;;;;;;;;;;2.01407E+13;23.07.14;1.77;0.93
213;0;0;0;-67;-41;-24;9;14;6;2014;7;24;8;27;7;-0.12;;;;;;;;;;2.01407E+13;24.07.14;0.75;0.87
214;0;0;0;-46;-74;2;10;16;6;2014;7;25;12;58;36;0;;;;;;;;;;2.01407E+13;25.07.14;0.84;0.8
215;0;0;0;-74;-17;-51;9;14;4;2014;7;25;14;34;9;0.02;;;;;;;;;;2.01407E+13;25.07.14;0.84;0.91
216;0;0;0;-74;-24;-59;20;30;7;2014;7;25;14;34;14;-0.44;;;;;;;;;;2.01407E+13;25.07.14;0.54;0.76
217;0;0;0;110;-62;74;15;18;6;2014;7;25;17;58;1;0.41;;;;;;;;;;2.01407E+13;25.07.14;1.11;0.91
218;0;0;0;-91;-62;-69;17;21;4;2014;7;25;18;52;46;-0.66;;;;;;;;;;2.01407E+13;25.07.14;0.39;0.66
219;0;0;0;-67;-33;-53;20;28;8;2014;7;25;19;6;9;-0.71;;;;;;;;;;2.01407E+13;25.07.14;0.36;0.8
220;0;0;0;-80;-42;-73;23;33;7;2014;7;25;19;50;17;-0.42;;;;;;;;;;2.01407E+13;25.07.14;0.55;0.86
221;0;0;0;-70;-24;-56;17;23;7;2014;7;25;22;25;52;-0.64;;;;;;;;;;2.01407E+13;25.07.14;0.4;0.81
222;0;0;0;-93;-45;-69;23;21;5;2014;7;26;1;39;59;-0.01;;;;;;;;;;2.01407E+13;26.07.14;0.83;0.94
223;0;0;0;-103;-37;-71;7;11;5;2014;7;26;3;6;16;1.08;;;;;;;;;;2.01407E+13;26.07.14;1.55;0.93
224;0;0;0;-26;45;-38;48;73;13;2014;7;26;3;9;32;-0.44;;;;;;;;;;2.01407E+13;26.07.14;0.54;0.79
225;0;0;0;-72;-32;-43;9;14;6;2014;7;26;4;30;59;0.96;;;;;;;;;;2.01407E+13;26.07.14;1.47;0.88
226;0;0;0;-99;-41;-73;20;33;7;2014;7;26;5;5;14;-0.53;;;;;;;;;;2.01407E+13;26.07.14;0.48;0.72
227;0;0;0;-91;-54;-62;9;14;5;2014;7;26;5;33;34;0.26;;;;;;;;;;2.01407E+13;26.07.14;1.01;0.9
228;0;0;0;-58;-49;-32;20;30;9;2014;7;26;5;34;31;-0.65;;;;;;;;;;2.01407E+13;26.07.14;0.4;0.76
229;0;0;0;-68;-47;-55;23;33;8;2014;7;26;11;2;31;-0.49;;;;;;;;;;2.01407E+13;26.07.14;0.51;0.8
230;0;0;0;-112;-59;-87;24;35;9;2014;7;26;17;59;37;-0.41;;;;;;;;;;2.01407E+13;26.07.14;0.56;0.83
231;0;0;0;-99;-41;-79;20;30;7;2014;7;26;18;5;28;-0.68;;;;;;;;;;2.01407E+13;26.07.14;0.38;0.71
232;0;0;0;-75;-58;-75;24;40;8;2014;7;26;19;37;32;-0.72;;;;;;;;;;2.01407E+13;26.07.14;0.36;0.63
233;0;0;0;-35;-28;-29;34;47;13;2014;7;26;21;32;50;-0.82;;;;;;;;;;2.01407E+13;26.07.14;0.29;0.69
234;0;0;0;-6;-78;22;9;11;5;2014;7;26;21;51;56;0.99;;;;;;;;;;2.01407E+13;26.07.14;1.49;0.91
235;0;0;0;-17;-16;31;15;23;6;2014;7;26;23;31;58;-0.5;;;;;;;;;;2.01407E+13;26.07.14;0.5;0.78
236;0;0;0;-21;-63;3;26;47;16;2014;7;27;12;45;4;-0.57;;;;;;;;;;2.01407E+13;27.07.14;0.45;0.78
237;0;0;0;-103;-37;-84;21;35;7;2014;7;27;14;45;47;-0.5;;;;;;;;;;2.01407E+13;27.07.14;0.5;0.73
238;0;0;0;-115;-64;-98;26;40;10;2014;7;27;19;25;14;-0.68;;;;;;;;;;2.01407E+13;27.07.14;0.38;0.75
239;0;0;0;-139;-80;-113;24;30;10;2014;7;27;20;40;33;-0.84;;;;;;;;;;2.01407E+13;27.07.14;0.27;0.7
240;0;0;0;-70;10;-48;9;14;5;2014;7;28;0;5;31;0.02;;;;;;;;;;2.01407E+13;28.07.14;0.85;0.92
241;0;0;0;-80;-11;-38;27;40;8;2014;7;28;0;38;17;-0.66;;;;;;;;;;2.01407E+13;28.07.14;0.39;0.71
242;0;0;0;-101;-95;-82;24;37;8;2014;7;28;6;4;11;-0.56;;;;;;;;;;2.01407E+13;28.07.14;0.46;0.73
243;0;0;0;-6;-115;31;15;23;5;2014;7;28;6;16;3;-0.77;;;;;;;;;;2.01407E+13;28.07.14;0.32;0.72
244;0;0;0;-74;-78;-31;10;14;4;2014;7;28;7;45;25;-0.06;;;;;;;;;;2.01407E+13;28.07.14;0.79;0.83
245;0;0;0;-91;-78;-69;9;16;5;2014;7;28;10;31;30;0.03;;;;;;;;;;2.01407E+13;28.07.14;0.85;0.91
246;0;0;0;-112;-34;-91;9;16;4;2014;7;28;10;35;5;-0.1;;;;;;;;;;2.01407E+13;28.07.14;0.77;0.86
247;0;0;0;-95;-71;-79;10;18;4;2014;7;28;10;35;29;-0.58;;;;;;;;;;2.01407E+13;28.07.14;0.45;0.78
248;0;0;0;-102;-85;-82;20;33;6;2014;7;28;21;33;51;0.03;;;;;;;;;;2.01407E+13;28.07.14;0.85;0.84
249;0;0;0;-76;-72;-76;26;40;8;2014;7;28;22;10;35;-0.2;;;;;;;;;;2.01407E+13;28.07.14;0.7;0.79
250;0;0;0;-5;-92;20;9;11;5;2014;7;29;4;37;51;0.74;;;;;;;;;;2.01407E+13;29.07.14;1.33;0.86
251;0;0;0;-21;-66;15;18;30;7;2014;7;29;10;47;39;-0.41;;;;;;;;;;2.01407E+13;29.07.14;0.56;0.72
252;0;0;0;-51;-75;-8;7;11;5;2014;7;29;16;53;8;0.72;;;;;;;;;;2.01407E+13;29.07.14;1.31;0.9
253;0;0;0;-27;-44;18;15;26;7;2014;7;30;17;27;25;-0.35;;;;;;;;;;2.01407E+13;30.07.14;0.6;0.83
254;0;0;0;-46;-103;-10;9;14;6;2014;7;31;0;7;59;0.55;;;;;;;;;;2.01407E+13;31.07.14;1.2;0.87
255;0;0;0;23;-87;62;18;28;7;2014;7;31;11;9;42;-0.55;;;;;;;;;;2.01407E+13;31.07.14;0.47;0.68
256;0;0;0;14;-120;23;9;14;6;2014;8;1;22;57;41;0.5;;;;;;;;;;2.01408E+13;01.08.14;1.17;0.94
257;0;0;0;-72;-97;-51;21;37;12;2014;8;2;12;5;15;-0.67;;;;;;;;;;2.01408E+13;02.08.14;0.39;0.63
258;0;0;0;-52;-49;-27;17;28;6;2014;8;2;13;31;53;-0.31;;;;;;;;;;2.01408E+13;02.08.14;0.63;0.89
259;0;0;0;-6;-60;32;10;14;6;2014;8;2;21;41;41;0.18;;;;;;;;;;2.01408E+13;02.08.14;0.95;0.84
260;0;0;0;-4;-97;46;68;45;12;2014;8;2;21;57;6;-0.6;;;;;;;;;;2.01408E+13;02.08.14;0.43;0.64
261;0;0;0;38;37;41;9;14;5;2014;8;3;13;43;59;0.55;;;;;;;;;;2.01408E+13;03.08.14;1.2;0.83
262;0;0;0;25;-106;38;10;11;6;2014;8;3;13;47;53;0.23;;;;;;;;;;2.01408E+13;03.08.14;0.99;0.85
263;0;0;0;25;-129;61;21;35;10;2014;8;3;13;48;4;-0.39;;;;;;;;;;2.01408E+13;03.08.14;0.57;0.78
264;0;0;0;-78;-1;-33;20;26;6;2014;8;3;19;52;51;-0.72;;;;;;;;;;2.01408E+13;03.08.14;0.35;0.65
265;0;0;0;-26;-119;16;13;21;5;2014;8;4;4;19;6;-0.72;;;;;;;;;;2.01408E+13;04.08.14;0.35;0.75
266;0;0;0;-64;-116;-29;9;16;5;2014;8;4;7;15;43;-0.5;;;;;;;;;;2.01408E+13;04.08.14;0.5;0.82
267;0;0;0;-11;-102;40;15;21;4;2014;8;5;2;0;43;-0.86;;;;;;;;;;2.01408E+13;05.08.14;0.26;0.74
268;0;0;0;43;-100;72;12;18;5;2014;8;5;22;48;5;-0.53;;;;;;;;;;2.01408E+13;05.08.14;0.48;0.7
269;0;0;0;18;-109;35;9;14;5;2014;8;7;0;23;27;-0.08;;;;;;;;;;2.01408E+13;07.08.14;0.78;0.79
270;0;0;0;-2;31;30;20;28;8;2014;8;10;9;55;51;-0.34;;;;;;;;;;2.01408E+13;10.08.14;0.6;0.8
271;0;0;0;2;-13;25;12;18;5;2014;8;11;20;46;8;-0.32;;;;;;;;;;2.01408E+13;11.08.14;0.62;0.81
272;0;0;0;-25;2;1;35;54;15;2014;8;11;22;16;18;-0.65;;;;;;;;;;2.01408E+13;11.08.14;0.4;0.75
273;0;0;0;-16;13;5;29;45;14;2014;8;11;22;17;34;-0.61;;;;;;;;;;2.01408E+13;11.08.14;0.42;0.82
274;0;0;0;48;-356;94;20;33;6;2014;8;13;1;29;57;-0.34;;;;;;;;;;2.01408E+13;13.08.14;0.61;0.61
275;0;0;0;-33;-87;2;7;11;5;2014;8;13;18;20;52;0.57;;;;;;;;;;2.01408E+13;13.08.14;1.21;0.88
276;0;0;0;-53;-105;-14;15;26;6;2014;8;13;22;28;17;-0.57;;;;;;;;;;2.01408E+13;13.08.14;0.45;0.79
277;0;0;0;-4;-21;20;18;23;7;2014;8;15;14;56;48;-0.57;;;;;;;;;;2.01408E+13;15.08.14;0.45;0.76
278;0;0;0;-39;-44;1;21;35;11;2014;8;16;8;5;26;-0.52;;;;;;;;;;2.01408E+13;16.08.14;0.48;0.77
279;0;0;0;-42;-57;-57;29;30;11;2014;8;16;8;46;57;-0.88;;;;;;;;;;2.01408E+13;16.08.14;0.25;0.65
280;0;0;0;-19;-149;25;15;18;6;2014;8;17;5;43;27;-0.43;;;;;;;;;;2.01408E+13;17.08.14;0.55;0.76
281;0;0;0;15;53;35;12;14;5;2014;8;18;17;48;35;0.24;;;;;;;;;;2.01408E+13;18.08.14;0.99;0.9
282;0;0;0;3;57;24;13;18;5;2014;8;19;7;58;7;-0.19;;;;;;;;;;2.01408E+13;19.08.14;0.71;0.81
283;0;0;0;-1;65;16;13;18;4;2014;8;20;6;56;9;-0.05;;;;;;;;;;2.01408E+13;20.08.14;0.8;0.85
284;0;0;0;-46;102;-205;18;23;6;2014;8;21;2;55;18;-0.66;;;;;;;;;;2.01408E+13;21.08.14;0.39;0.72
285;0;0;0;27;-244;17;9;16;5;2014;9;6;0;29;52;-0.41;;;;;;;;;;2.01409E+13;06.09.14;0.56;1
286;0;0;0;24;-235;22;9;14;4;2014;9;8;18;22;34;-0.69;;;;;;;;;;2.01409E+13;08.09.14;0.37;0.65
287;0;0;0;-25;-159;-2;9;14;5;2014;9;12;14;54;0;0.52;;;;;;;;;;2.01409E+13;12.09.14;1.18;0.84
288;0;0;0;-44;-164;-14;10;16;6;2014;9;12;18;52;14;-0.21;;;;;;;;;;2.01409E+13;12.09.14;0.69;0.84
289;0;0;0;-20;-143;5;12;11;6;2014;9;13;0;25;18;0.35;;;;;;;;;;2.01409E+13;13.09.14;1.07;0.83
290;0;0;0;-11;-114;22;12;16;5;2014;9;13;1;45;35;-0.52;;;;;;;;;;2.01409E+13;13.09.14;0.49;1
291;0;0;0;-53;-157;-35;9;18;5;2014;9;13;22;45;9;0.01;;;;;;;;;;2.01409E+13;13.09.14;0.84;0.92
292;0;0;0;-41;-159;-19;9;14;4;2014;9;13;23;15;37;-0.56;;;;;;;;;;2.01409E+13;13.09.14;0.46;0.88
293;0;0;0;-45;-173;-26;9;14;5;2014;9;14;4;42;49;-0.32;;;;;;;;;;2.01409E+13;14.09.14;0.62;0.85
294;0;0;0;-58;-149;-41;9;11;5;2014;9;14;18;26;10;0.06;;;;;;;;;;2.01409E+13;14.09.14;0.87;0.91
295;0;0;0;-39;-196;-31;9;14;6;2014;9;15;2;28;41;0.03;;;;;;;;;;2.01409E+13;15.09.14;0.85;0.87
296;0;0;0;-30;-190;-11;9;16;4;2014;9;15;5;21;43;-0.35;;;;;;;;;;2.01409E+13;15.09.14;0.6;0.63
297;0;0;0;-68;-170;-53;9;16;4;2014;9;15;7;5;46;-0.6;;;;;;;;;;2.01409E+13;15.09.14;0.43;0.76
298;0;0;0;8;-170;34;15;21;5;2014;9;18;11;7;20;-0.57;;;;;;;;;;2.01409E+13;18.09.14;0.45;0.65
299;0;0;0;41;-154;72;31;30;8;2014;9;25;3;49;21;-0.77;;;;;;;;;;2.01409E+13;25.09.14;0.32;0.67
300;0;0;0;32;-121;33;9;11;5;2014;9;25;16;13;25;0.67;;;;;;;;;;2.01409E+13;25.09.14;1.28;0.85
301;0;0;0;-18;-231;-13;9;14;5;2014;9;26;1;10;43;0.32;;;;;;;;;;2.01409E+13;26.09.14;1.04;0.86
302;0;0;0;-14;-245;-2;12;18;4;2014;9;26;6;58;26;-0.46;;;;;;;;;;2.01409E+13;26.09.14;0.52;0.79
303;0;0;0;-28;-247;-26;10;16;5;2014;9;26;17;34;23;-0.48;;;;;;;;;;2.01409E+13;26.09.14;0.51;0.75
304;0;0;0;-36;-204;-24;21;28;6;2014;9;26;23;1;6;-0.89;;;;;;;;;;2.01409E+13;26.09.14;0.24;0.58
305;0;0;0;38;-93;58;20;33;8;2014;9;27;6;13;6;-0.77;;;;;;;;;;2.01409E+13;27.09.14;0.32;0.69
306;0;0;0;-57;-241;-57;18;26;6;2014;9;27;6;49;39;-0.61;;;;;;;;;;2.01409E+13;27.09.14;0.43;0.72
307;0;0;0;-6;-167;18;17;21;6;2014;9;28;3;20;42;-0.54;;;;;;;;;;2.01409E+13;28.09.14;0.48;0.84
308;0;0;0;-8;-153;14;15;18;6;2014;9;28;4;29;9;-0.42;;;;;;;;;;2.01409E+13;28.09.14;0.55;0.85
309;0;0;0;-28;-233;-29;18;23;6;2014;10;1;21;18;50;-0.71;;;;;;;;;;2.0141E+13;01.10.14;0.36;0.67
310;0;0;0;-63;-185;-56;10;16;4;2014;10;2;10;0;43;-0.37;;;;;;;;;;2.0141E+13;02.10.14;0.59;0.82
311;0;0;0;-45;-192;-26;20;28;4;2014;10;2;10;47;33;-0.79;;;;;;;;;;2.0141E+13;02.10.14;0.31;0.77
312;0;0;0;-35;-244;-41;9;14;5;2014;10;6;11;20;32;-0.16;;;;;;;;;;2.0141E+13;06.10.14;0.73;0.77
313;0;0;0;-35;-253;-56;12;23;4;2014;10;6;11;59;28;-0.37;;;;;;;;;;2.0141E+13;06.10.14;0.59;0.7
314;0;0;0;-28;-249;-35;10;16;6;2014;10;6;18;3;27;-0.26;;;;;;;;;;2.0141E+13;06.10.14;0.66;0.87
315;0;0;0;156;-430;215;35;68;9;2014;10;8;4;29;16;-0.68;;;;;;;;;;2.0141E+13;08.10.14;0.38;0.66
316;0;0;0;-74;-187;-76;9;14;4;2014;10;8;15;8;45;0.2;;;;;;;;;;2.0141E+13;08.10.14;0.97;0.99
317;0;0;0;-76;-179;-79;9;14;4;2014;10;8;15;29;43;-0.71;;;;;;;;;;2.0141E+13;08.10.14;0.36;0.83
318;0;0;0;-77;-171;-88;26;33;6;2014;10;8;15;39;42;-0.67;;;;;;;;;;2.0141E+13;08.10.14;0.38;0.62
319;0;0;0;-71;-202;-79;9;11;5;2014;10;9;4;39;26;0.17;;;;;;;;;;2.0141E+13;09.10.14;0.95;0.92
320;0;0;0;-71;-191;-77;9;11;5;2014;10;9;7;26;16;0.36;;;;;;;;;;2.0141E+13;09.10.14;1.07;1
321;0;0;0;-56;-211;-55;18;28;6;2014;10;10;1;25;34;-0.56;;;;;;;;;;2.0141E+13;10.10.14;0.46;0.84
322;0;0;0;-58;-201;-57;9;14;5;2014;10;10;2;5;8;0.95;;;;;;;;;;2.0141E+13;10.10.14;1.46;0.95
323;0;0;0;-81;-195;-71;17;28;7;2014;10;10;2;44;17;-0.44;;;;;;;;;;2.0141E+13;10.10.14;0.54;0.88
324;0;0;0;-102;-119;-103;15;35;7;2014;10;10;11;59;1;-0.64;;;;;;;;;;2.0141E+13;10.10.14;0.41;0.69
325;0;0;0;-60;-223;-70;9;14;4;2014;10;10;15;49;0;-0.44;;;;;;;;;;2.0141E+13;10.10.14;0.54;0.84
326;0;0;0;-76;-166;-75;9;14;5;2014;10;10;21;48;2;0.23;;;;;;;;;;2.0141E+13;10.10.14;0.99;0.97
327;0;0;0;-77;-148;-83;21;28;6;2014;10;11;0;19;44;-0.75;;;;;;;;;;2.0141E+13;11.10.14;0.33;0.84
328;0;0;0;-79;-172;-84;9;14;4;2014;10;11;3;30;39;-0.6;;;;;;;;;;2.0141E+13;11.10.14;0.43;0.91
329;0;0;0;-104;-116;-106;9;16;4;2014;10;11;5;13;13;-0.02;;;;;;;;;;2.0141E+13;11.10.14;0.82;0.82
330;0;0;0;-117;-85;-121;15;18;6;2014;10;11;6;2;7;-0.99;;;;;;;;;;2.0141E+13;11.10.14;0.17;0.69
331;0;0;0;-112;-83;-108;9;16;4;2014;10;11;8;8;8;-0.26;;;;;;;;;;2.0141E+13;11.10.14;0.66;0.88
332;0;0;0;-92;-107;-90;9;14;4;2014;10;11;11;39;19;-0.88;;;;;;;;;;2.0141E+13;11.10.14;0.25;0.73
333;0;0;0;-79;-122;-76;18;23;6;2014;10;11;11;48;34;-0.51;;;;;;;;;;2.0141E+13;11.10.14;0.49;0.79
334;0;0;0;-103;-54;-92;18;33;9;2014;10;11;15;17;54;-0.95;;;;;;;;;;2.0141E+13;11.10.14;0.2;0.62
335;0;0;0;-106;-103;-105;9;14;5;2014;10;11;17;45;42;-0.46;;;;;;;;;;2.0141E+13;11.10.14;0.53;0.85
336;0;0;0;-90;-65;-83;9;14;4;2014;10;11;17;53;17;-0.41;;;;;;;;;;2.0141E+13;11.10.14;0.56;0.86
337;0;0;0;-102;-108;-105;13;23;5;2014;10;11;18;9;4;-0.68;;;;;;;;;;2.0141E+13;11.10.14;0.38;0.79
338;0;0;0;-72;-43;-69;23;26;6;2014;10;11;18;27;28;-0.85;;;;;;;;;;2.0141E+13;11.10.14;0.26;0.7
339;0;0;0;-96;-95;-86;18;28;6;2014;10;11;18;27;31;-0.76;;;;;;;;;;2.0141E+13;11.10.14;0.32;0.73
340;0;0;0;-93;-116;-92;15;26;6;2014;10;11;19;17;24;-0.87;;;;;;;;;;2.0141E+13;11.10.14;0.25;0.77
341;0;0;0;-121;-51;-114;18;21;5;2014;10;11;19;20;24;-0.59;;;;;;;;;;2.0141E+13;11.10.14;0.44;0.83
342;0;0;0;-121;-61;-112;9;14;5;2014;10;11;19;25;40;-0.15;;;;;;;;;;2.0141E+13;11.10.14;0.74;0.85
343;0;0;0;-120;-73;-114;10;16;5;2014;10;11;20;55;31;-0.75;;;;;;;;;;2.0141E+13;11.10.14;0.33;0.77
344;0;0;0;-122;-86;-119;15;26;8;2014;10;11;21;58;40;-0.71;;;;;;;;;;2.0141E+13;11.10.14;0.36;0.85
345;0;0;0;-69;-103;-57;9;14;6;2014;10;11;22;11;1;0.23;;;;;;;;;;2.0141E+13;11.10.14;0.99;0.88
346;0;0;0;-119;-63;-100;12;18;5;2014;10;12;0;0;36;-0.77;;;;;;;;;;2.0141E+13;12.10.14;0.32;0.82
347;0;0;0;-90;-47;-82;9;14;4;2014;10;12;0;41;23;-0.53;;;;;;;;;;2.0141E+13;12.10.14;0.48;0.83
348;0;0;0;-89;-41;-81;10;16;4;2014;10;12;0;50;52;-0.67;;;;;;;;;;2.0141E+13;12.10.14;0.38;0.84
349;0;0;0;-93;-61;-76;7;14;6;2014;10;12;0;51;1;0.3;;;;;;;;;;2.0141E+13;12.10.14;1.04;0.86
350;0;0;0;-109;-89;-110;21;30;7;2014;10;12;3;20;21;-0.82;;;;;;;;;;2.0141E+13;12.10.14;0.28;0.79
351;0;0;0;-79;-113;-71;9;11;5;2014;10;12;4;35;15;0;;;;;;;;;;2.0141E+13;12.10.14;0.83;0.89
352;0;0;0;-69;-155;-60;9;14;6;2014;10;12;4;40;17;0.19;;;;;;;;;;2.0141E+13;12.10.14;0.96;0.91
353;0;0;0;-66;-169;-68;15;21;5;2014;10;12;4;43;1;-0.3;;;;;;;;;;2.0141E+13;12.10.14;0.63;0.92
354;0;0;0;-105;-113;-111;21;33;8;2014;10;12;5;33;45;-1;;;;;;;;;;2.0141E+13;12.10.14;0.17;0.57
355;0;0;0;-52;-158;-32;7;11;5;2014;10;12;7;19;22;1.23;;;;;;;;;;2.0141E+13;12.10.14;1.65;0.94
356;0;0;0;-56;-225;-67;7;14;6;2014;10;12;8;4;31;0.81;;;;;;;;;;2.0141E+13;12.10.14;1.37;0.93
357;0;0;0;-37;-196;-24;10;14;6;2014;10;12;10;26;50;0.31;;;;;;;;;;2.0141E+13;12.10.14;1.04;0.84
358;0;0;0;-82;-159;-81;9;14;6;2014;10;12;14;43;24;0.9;;;;;;;;;;2.0141E+13;12.10.14;1.43;0.97
359;0;0;0;-88;-109;-89;18;26;5;2014;10;12;15;18;13;-0.53;;;;;;;;;;2.0141E+13;12.10.14;0.48;0.84
360;0;0;0;-112;-88;-114;9;16;4;2014;10;12;16;6;46;-0.23;;;;;;;;;;2.0141E+13;12.10.14;0.68;0.81
361;0;0;0;-6;-105;6;12;16;5;2014;10;12;19;41;4;-0.45;;;;;;;;;;2.0141E+13;12.10.14;0.53;0.86
362;0;0;0;-68;-232;-89;7;14;6;2014;10;12;21;44;18;0.23;;;;;;;;;;2.0141E+13;12.10.14;0.98;0.95
363;0;0;0;-81;-210;-106;18;30;6;2014;10;12;21;48;7;-0.91;;;;;;;;;;2.0141E+13;12.10.14;0.23;0.54
364;0;0;0;-124;101;-189;10;16;6;2014;10;13;1;31;18;-0.73;;;;;;;;;;2.0141E+13;13.10.14;0.35;0.78
365;0;0;0;-122;-105;-128;9;14;4;2014;10;13;1;34;3;-0.58;;;;;;;;;;2.0141E+13;13.10.14;0.45;0.87
366;0;0;0;-64;-139;-49;15;26;6;2014;10;13;1;54;12;-0.84;;;;;;;;;;2.0141E+13;13.10.14;0.27;0.81
367;0;0;0;-71;-150;-66;9;14;5;2014;10;13;4;37;5;0;;;;;;;;;;2.0141E+13;13.10.14;0.83;0.92
368;0;0;0;-52;-246;-59;10;16;5;2014;10;13;6;8;7;-0.46;;;;;;;;;;2.0141E+13;13.10.14;0.52;0.78
369;0;0;0;-79;-128;-78;10;16;6;2014;10;13;10;25;5;0.31;;;;;;;;;;2.0141E+13;13.10.14;1.04;0.91
370;0;0;0;-106;-111;-106;9;14;5;2014;10;13;12;10;2;0.32;;;;;;;;;;2.0141E+13;13.10.14;1.05;0.88
371;0;0;0;-60;-242;-72;9;14;4;2014;10;13;18;22;31;-0.54;;;;;;;;;;2.0141E+13;13.10.14;0.47;0.81
372;0;0;0;-57;-106;-27;26;30;6;2014;10;13;18;47;17;-0.77;;;;;;;;;;2.0141E+13;13.10.14;0.32;0.8
373;0;0;0;-6;-208;-10;21;30;7;2014;10;13;19;54;28;-0.85;;;;;;;;;;2.0141E+13;13.10.14;0.26;0.74
374;0;0;0;-48;-228;-50;10;11;6;2014;10;13;22;56;42;0.22;;;;;;;;;;2.0141E+13;13.10.14;0.98;0.91
375;0;0;0;-69;-211;-76;9;16;6;2014;10;14;1;21;54;1.1;;;;;;;;;;2.0141E+13;14.10.14;1.57;0.95
376;0;0;0;-76;-237;-91;12;18;5;2014;10;14;1;31;33;-0.44;;;;;;;;;;2.0141E+13;14.10.14;0.54;0.9
377;0;0;0;-70;-247;-90;10;18;4;2014;10;14;1;33;2;-0.53;;;;;;;;;;2.0141E+13;14.10.14;0.48;0.83
378;0;0;0;-106;-200;-118;10;16;5;2014;10;14;2;46;12;-0.62;;;;;;;;;;2.0141E+13;14.10.14;0.42;0.91
379;0;0;0;-86;-215;-91;12;16;5;2014;10;14;4;59;0;-0.35;;;;;;;;;;2.0141E+13;14.10.14;0.6;0.87
380;0;0;0;-71;-231;-78;9;14;4;2014;10;14;5;5;14;-0.28;;;;;;;;;;2.0141E+13;14.10.14;0.65;0.84
381;0;0;0;-85;-231;-103;9;14;4;2014;10;14;20;21;30;-0.47;;;;;;;;;;2.0141E+13;14.10.14;0.52;0.84
382;0;0;0;-96;-139;-91;9;14;5;2014;10;14;21;15;10;1.59;;;;;;;;;;2.0141E+13;14.10.14;1.89;0.91
383;0;0;0;-52;-33;-84;20;30;8;2014;10;14;21;17;25;-0.45;;;;;;;;;;2.0141E+13;14.10.14;0.53;0.84
384;0;0;0;-12;-153;-75;17;28;6;2014;10;14;21;20;10;-0.68;;;;;;;;;;2.0141E+13;14.10.14;0.38;0.79
385;0;0;0;-105;-112;-98;9;18;4;2014;10;14;21;29;25;-0.84;;;;;;;;;;2.0141E+13;14.10.14;0.27;0.73
386;0;0;0;-93;-235;-113;9;14;4;2014;10;14;22;3;41;-0.57;;;;;;;;;;2.0141E+13;14.10.14;0.45;0.86
387;0;0;0;-99;-60;-85;20;30;6;2014;10;15;7;7;33;-0.59;;;;;;;;;;2.0141E+13;15.10.14;0.44;0.64
388;0;0;0;-116;-78;-107;9;14;4;2014;10;15;7;33;31;-0.37;;;;;;;;;;2.0141E+13;15.10.14;0.59;0.77
389;0;0;0;-104;-109;-102;10;14;5;2014;10;15;7;34;13;0.2;;;;;;;;;;2.0141E+13;15.10.14;0.97;0.86
390;0;0;0;-72;-146;-76;9;14;4;2014;10;15;8;22;35;-0.4;;;;;;;;;;2.0141E+13;15.10.14;0.57;0.69
391;0;0;0;-12;-228;-8;9;14;5;2014;10;15;8;56;51;0.71;;;;;;;;;;2.0141E+13;15.10.14;1.31;0.87
392;0;0;0;-111;-96;-108;9;18;5;2014;10;15;10;1;34;-0.02;;;;;;;;;;2.0141E+13;15.10.14;0.82;0.83
393;0;0;0;-33;-218;-19;10;16;4;2014;10;15;13;26;6;-0.34;;;;;;;;;;2.0141E+13;15.10.14;0.61;0.67
394;0;0;0;-96;-183;-100;9;11;5;2014;10;15;15;13;2;0.39;;;;;;;;;;2.0141E+13;15.10.14;1.09;0.88
395;0;0;0;-92;-194;-100;9;16;4;2014;10;15;15;19;14;-0.13;;;;;;;;;;2.0141E+13;15.10.14;0.74;0.75
396;0;0;0;-106;-148;-110;9;16;4;2014;10;15;15;51;36;-0.33;;;;;;;;;;2.0141E+13;15.10.14;0.62;0.88
397;0;0;0;-104;-165;-99;9;14;5;2014;10;15;17;17;21;-0.66;;;;;;;;;;2.0141E+13;15.10.14;0.4;0.59
398;0;0;0;-128;-94;-42;13;21;10;2014;10;15;19;36;34;3.21;;;;;;;;;;2.0141E+13;15.10.14;3.02;0.65
399;0;0;0;-79;-23;-66;13;23;5;2014;10;15;19;41;56;-0.7;;;;;;;;;;2.0141E+13;15.10.14;0.37;0.84
400;0;0;0;-144;-49;-121;15;35;8;2014;10;15;19;42;10;-0.89;;;;;;;;;;2.0141E+13;15.10.14;0.24;0.75
401;0;0;0;-141;-140;-137;9;14;4;2014;10;15;20;6;11;-0.76;;;;;;;;;;2.0141E+13;15.10.14;0.33;0.82
402;0;0;0;-164;-69;-134;31;42;14;2014;10;15;20;24;23;-0.96;;;;;;;;;;2.0141E+13;15.10.14;0.19;0.68
403;0;0;0;39;-171;80;9;14;5;2014;10;15;20;53;14;-0.8;;;;;;;;;;2.0141E+13;15.10.14;0.3;0.7
404;0;0;0;-144;-117;-140;9;16;5;2014;10;15;21;27;28;-0.8;;;;;;;;;;2.0141E+13;15.10.14;0.3;0.88
405;0;0;0;-36;-234;-24;17;26;6;2014;10;15;21;28;20;-0.75;;;;;;;;;;2.0141E+13;15.10.14;0.33;0.66
406;0;0;0;95;92;26;20;30;7;2014;10;15;21;29;44;-0.86;;;;;;;;;;2.0141E+13;15.10.14;0.26;0.77
407;0;0;0;-144;-83;-135;9;16;4;2014;10;15;21;43;51;-0.56;;;;;;;;;;2.0141E+13;15.10.14;0.46;0.9
408;0;0;0;-133;-60;-125;9;14;5;2014;10;15;21;45;25;-0.71;;;;;;;;;;2.0141E+13;15.10.14;0.36;0.78
409;0;0;0;66;-18;62;12;16;6;2014;10;15;22;13;33;-0.41;;;;;;;;;;2.0141E+13;15.10.14;0.56;0.9
410;0;0;0;-137;-111;-137;10;18;6;2014;10;15;23;43;16;0.11;;;;;;;;;;2.0141E+13;15.10.14;0.91;0.91
411;0;0;0;-53;26;-22;15;18;6;2014;10;16;0;0;35;-0.31;;;;;;;;;;2.0141E+13;16.10.14;0.63;0.81
412;0;0;0;-153;-93;-146;18;28;8;2014;10;16;3;11;8;-0.79;;;;;;;;;;2.0141E+13;16.10.14;0.31;0.84
413;0;0;0;-133;-24;-100;12;16;5;2014;10;16;4;6;55;-0.32;;;;;;;;;;2.0141E+13;16.10.14;0.62;0.73
414;0;0;0;-3;131;-213;15;28;5;2014;10;16;4;37;31;-0.68;;;;;;;;;;2.0141E+13;16.10.14;0.38;0.68
415;0;0;0;14;-65;40;10;16;4;2014;10;16;5;1;47;-0.34;;;;;;;;;;2.0141E+13;16.10.14;0.61;0.56
416;0;0;0;-123;-125;-104;17;35;8;2014;10;16;5;44;2;-0.09;;;;;;;;;;2.0141E+13;16.10.14;0.77;0.84
417;0;0;0;-93;-227;-112;10;18;4;2014;10;16;10;25;27;-0.46;;;;;;;;;;2.0141E+13;16.10.14;0.53;0.84
418;0;0;0;-140;-139;-145;9;14;5;2014;10;16;15;59;32;0.25;;;;;;;;;;2.0141E+13;16.10.14;1;0.89
419;0;0;0;-133;-69;-129;9;16;4;2014;10;16;17;45;52;-0.67;;;;;;;;;;2.0141E+13;16.10.14;0.39;0.76
420;0;0;0;-132;-59;-133;10;16;4;2014;10;16;18;9;35;-0.8;;;;;;;;;;2.0141E+13;16.10.14;0.3;0.84
421;0;0;0;-144;-144;-183;21;28;9;2014;10;16;23;46;6;-1.01;;;;;;;;;;2.0141E+13;16.10.14;0.16;0.76
422;0;0;0;-154;-92;-140;24;35;10;2014;10;17;1;54;9;-1;;;;;;;;;;2.0141E+13;17.10.14;0.17;0.85
423;0;0;0;71;-153;56;13;18;7;2014;10;17;4;4;22;0.29;;;;;;;;;;2.0141E+13;17.10.14;1.03;0.82
424;0;0;0;-115;-125;-139;20;45;11;2014;10;17;4;19;4;-0.52;;;;;;;;;;2.0141E+13;17.10.14;0.48;0.88
425;0;0;0;-131;-148;-134;7;11;5;2014;10;17;8;5;15;1.34;;;;;;;;;;2.0141E+13;17.10.14;1.72;0.94
426;0;0;0;-103;-230;-130;9;11;5;2014;10;17;8;13;45;0.66;;;;;;;;;;2.0141E+13;17.10.14;1.27;0.84
427;0;0;0;96;121;35;13;18;5;2014;10;17;8;26;28;-0.45;;;;;;;;;;2.0141E+13;17.10.14;0.54;0.82
428;0;0;0;-34;-242;-25;9;18;4;2014;10;17;9;34;56;-0.47;;;;;;;;;;2.0141E+13;17.10.14;0.52;0.65
429;0;0;0;-21;-237;-14;20;30;6;2014;10;17;14;43;31;-0.62;;;;;;;;;;2.0141E+13;17.10.14;0.42;0.6
430;0;0;0;-142;-82;-136;9;16;4;2014;10;17;19;18;58;-0.45;;;;;;;;;;2.0141E+13;17.10.14;0.53;0.92
431;0;0;0;-30;-227;-19;7;14;6;2014;10;17;23;1;35;1.15;;;;;;;;;;2.0141E+13;17.10.14;1.6;0.84
432;0;0;0;-34;-241;-25;15;23;5;2014;10;17;23;2;17;-0.8;;;;;;;;;;2.0141E+13;17.10.14;0.3;0.81
433;0;0;0;-129;-91;-130;26;33;12;2014;10;18;1;14;51;-0.69;;;;;;;;;;2.0141E+13;18.10.14;0.37;0.85
434;0;0;0;-37;-238;-27;15;23;5;2014;10;18;1;47;25;-0.63;;;;;;;;;;2.0141E+13;18.10.14;0.42;0.85
435;0;0;0;-145;-179;-158;10;14;5;2014;10;18;4;22;35;0.07;;;;;;;;;;2.0141E+13;18.10.14;0.88;0.89
436;0;0;0;-133;-71;-128;9;14;6;2014;10;18;6;2;23;0.2;;;;;;;;;;2.0141E+13;18.10.14;0.97;0.88
437;0;0;0;-153;-86;-142;9;14;5;2014;10;18;11;26;36;0.37;;;;;;;;;;2.0141E+13;18.10.14;1.08;0.94
438;0;0;0;52;138;13;13;14;4;2014;10;18;18;26;40;-0.2;;;;;;;;;;2.0141E+13;18.10.14;0.7;0.86
439;0;0;0;52;137;14;10;14;4;2014;10;18;18;34;32;-0.27;;;;;;;;;;2.0141E+13;18.10.14;0.65;0.73
440;0;0;0;-109;-143;-137;24;33;11;2014;10;18;23;37;38;-0.91;;;;;;;;;;2.0141E+13;18.10.14;0.23;0.84
441;0;0;0;-24;81;-251;21;28;8;2014;10;19;7;58;51;-0.66;;;;;;;;;;2.0141E+13;19.10.14;0.39;0.81
442;0;0;0;29;148;-173;17;28;6;2014;10;19;10;23;25;-0.87;;;;;;;;;;2.0141E+13;19.10.14;0.25;0.7
443;0;0;0;30;142;15;10;11;5;2014;10;19;17;8;27;-0.13;;;;;;;;;;2.0141E+13;19.10.14;0.75;0.84
444;0;0;0;-84;-209;-102;18;30;5;2014;10;20;1;10;59;-0.77;;;;;;;;;;2.0141E+13;20.10.14;0.32;0.83
445;0;0;0;-105;-216;-125;9;16;4;2014;10;20;2;11;38;-0.52;;;;;;;;;;2.0141E+13;20.10.14;0.49;0.87
446;0;0;0;-70;-11;-39;9;16;6;2014;10;20;7;51;10;0.27;;;;;;;;;;2.0141E+13;20.10.14;1.01;0.9
447;0;0;0;-69;5;-53;9;14;5;2014;10;20;15;12;35;-0.4;;;;;;;;;;2.0141E+13;20.10.14;0.57;0.88
448;0;0;0;-158;-141;-162;9;14;4;2014;10;20;21;27;31;-0.93;;;;;;;;;;2.0141E+13;20.10.14;0.21;0.86
449;0;0;0;-31;-242;-17;9;14;4;2014;10;20;23;31;11;-0.11;;;;;;;;;;2.0141E+13;20.10.14;0.76;0.88
450;0;0;0;-101;-140;-96;9;16;5;2014;10;21;8;34;31;0.1;;;;;;;;;;2.0141E+13;21.10.14;0.9;0.81
451;0;0;0;-109;-145;-108;9;14;4;2014;10;21;10;45;19;-0.45;;;;;;;;;;2.0141E+13;21.10.14;0.53;0.75
452;0;0;0;-32;200;-74;32;45;10;2014;10;21;15;26;52;-0.93;;;;;;;;;;2.0141E+13;21.10.14;0.21;0.62
453;0;0;0;-52;96;-213;18;30;7;2014;10;22;4;40;44;-0.58;;;;;;;;;;2.0141E+13;22.10.14;0.45;0.72
454;0;0;0;107;72;49;12;16;10;2014;10;22;9;8;50;0.52;;;;;;;;;;2.0141E+13;22.10.14;1.18;0.9
455;0;0;0;56;124;29;12;14;6;2014;10;23;11;8;32;0.3;;;;;;;;;;2.0141E+13;23.10.14;1.03;0.88
456;0;0;0;56;147;43;23;40;14;2014;10;23;11;39;46;-0.61;;;;;;;;;;2.0141E+13;23.10.14;0.43;0.65
457;0;0;0;16;-214;11;9;16;6;2014;10;24;15;38;3;0.06;;;;;;;;;;2.0141E+13;24.10.14;0.87;0.87
458;0;0;0;-93;115;-113;24;21;8;2014;10;24;18;46;23;-0.21;;;;;;;;;;2.0141E+13;24.10.14;0.69;0.79
459;0;0;0;-107;109;-130;20;33;7;2014;10;24;19;0;36;-0.49;;;;;;;;;;2.0141E+13;24.10.14;0.5;0.79
460;0;0;0;-25;97;-200;20;26;5;2014;10;24;19;44;40;-0.54;;;;;;;;;;2.0141E+13;24.10.14;0.47;0.81
461;0;0;0;-92;110;-110;12;14;6;2014;10;24;22;15;19;0.36;;;;;;;;;;2.0141E+13;24.10.14;1.07;0.81
462;0;0;0;-18;-190;-78;27;33;10;2014;10;25;5;10;6;-0.83;;;;;;;;;;2.0141E+13;25.10.14;0.28;0.72
463;0;0;0;38;77;15;12;18;9;2014;10;25;5;51;58;-0.46;;;;;;;;;;2.0141E+13;25.10.14;0.53;0.78
464;0;0;0;12;-1;37;13;18;5;2014;10;25;15;22;33;-0.1;;;;;;;;;;2.0141E+13;25.10.14;0.76;0.85
465;0;0;0;-19;56;10;15;21;7;2014;10;26;1;33;34;-0.1;;;;;;;;;;2.0141E+13;26.10.14;0.77;0.81
466;0;0;0;-354;-198;-239;9;14;6;2014;10;26;3;15;4;0.04;;;;;;;;;;2.0141E+13;26.10.14;0.86;0.62
467;0;0;0;3;34;28;9;14;6;2014;10;26;6;49;58;1.51;;;;;;;;;;2.0141E+13;26.10.14;1.84;1
468;0;0;0;24;-231;20;9;16;5;2014;10;26;17;47;50;0.06;;;;;;;;;;2.0141E+13;26.10.14;0.87;0.87
469;0;0;0;67;175;20;12;14;6;2014;10;27;0;0;15;-0.27;;;;;;;;;;2.0141E+13;27.10.14;0.65;0.89
470;0;0;0;140;61;76;7;11;6;2014;10;27;20;49;56;1.12;;;;;;;;;;2.0141E+13;27.10.14;1.58;0.82
471;0;0;0;131;69;68;20;18;7;2014;10;27;20;54;52;-0.2;;;;;;;;;;2.0141E+13;27.10.14;0.7;0.87
472;0;0;0;56;35;24;24;35;4;2014;10;27;21;36;58;-0.63;;;;;;;;;;2.0141E+13;27.10.14;0.42;0.8
473;0;0;0;73;98;29;24;33;7;2014;10;28;0;25;28;-1.01;;;;;;;;;;2.0141E+13;28.10.14;0.16;0.76
474;0;0;0;78;-150;67;26;40;11;2014;10;28;7;31;48;0.01;;;;;;;;;;2.0141E+13;28.10.14;0.84;0.69
475;0;0;0;-28;192;-74;31;35;9;2014;10;28;23;41;26;-0.93;;;;;;;;;;2.0141E+13;28.10.14;0.21;0.67
476;0;0;0;-103;138;-112;15;16;5;2014;10;29;9;3;8;-0.1;;;;;;;;;;2.0141E+13;29.10.14;0.77;0.78
477;0;0;0;-144;-189;-158;12;21;5;2014;10;30;9;59;5;-0.61;;;;;;;;;;2.0141E+13;30.10.14;0.43;0.67
478;0;0;0;-127;-199;-141;9;14;5;2014;10;30;10;16;12;-0.44;;;;;;;;;;2.0141E+13;30.10.14;0.54;0.63
479;0;0;0;-146;-175;-157;17;30;8;2014;10;31;21;31;59;-0.71;;;;;;;;;;2.0141E+13;31.10.14;0.36;0.88
480;0;0;0;-153;-166;-158;17;26;6;2014;10;31;23;17;15;-0.55;;;;;;;;;;2.0141E+13;31.10.14;0.46;0.9
481;0;0;0;-152;-161;-165;9;11;5;2014;11;1;3;30;39;0.24;;;;;;;;;;2.01411E+13;01.11.14;0.99;0.92
482;0;0;0;-165;-106;-183;9;16;4;2014;11;1;11;47;33;-0.34;;;;;;;;;;2.01411E+13;01.11.14;0.61;0.95
483;0;0;0;89;31;54;9;14;5;2014;11;1;12;51;46;0.58;;;;;;;;;;2.01411E+13;01.11.14;1.22;0.87
484;0;0;0;76;-3;28;54;40;10;2014;11;1;12;52;29;-0.59;;;;;;;;;;2.01411E+13;01.11.14;0.44;0.79
485;0;0;0;76;3;53;7;14;6;2014;11;1;13;20;2;0.8;;;;;;;;;;2.01411E+13;01.11.14;1.37;0.91
486;0;0;0;59;-21;55;9;14;6;2014;11;1;13;31;11;0.66;;;;;;;;;;2.01411E+13;01.11.14;1.27;0.89
487;0;0;0;-159;-136;-164;9;14;4;2014;11;1;18;41;56;-0.6;;;;;;;;;;2.01411E+13;01.11.14;0.43;0.92
488;0;0;0;35;59;2;23;28;8;2014;11;2;18;46;56;-0.73;;;;;;;;;;2.01411E+13;02.11.14;0.34;0.74
489;0;0;0;83;-115;62;15;18;6;2014;11;3;5;17;40;-0.25;;;;;;;;;;2.01411E+13;03.11.14;0.67;0.83
490;0;0;0;-158;-92;-162;20;30;8;2014;11;4;2;52;55;-0.68;;;;;;;;;;2.01411E+13;04.11.14;0.38;0.93
491;0;0;0;-40;-276;-39;17;30;6;2014;11;4;4;22;22;-0.81;;;;;;;;;;2.01411E+13;04.11.14;0.29;0.61
492;0;0;0;-50;-256;-45;10;14;6;2014;11;4;6;4;0;0.21;;;;;;;;;;2.01411E+13;04.11.14;0.97;0.83
493;0;0;0;-63;-247;-46;23;23;6;2014;11;4;6;11;26;-0.35;;;;;;;;;;2.01411E+13;04.11.14;0.6;0.77
494;0;0;0;-45;-235;-41;15;21;6;2014;11;4;6;20;23;-0.58;;;;;;;;;;2.01411E+13;04.11.14;0.45;0.78
495;0;0;0;-113;-170;-141;31;37;12;2014;11;4;21;2;37;-0.85;;;;;;;;;;2.01411E+13;04.11.14;0.27;0.61
496;0;0;0;-34;107;-219;17;28;6;2014;11;5;11;42;4;-0.61;;;;;;;;;;2.01411E+13;05.11.14;0.43;0.82
497;0;0;0;-62;103;-222;24;28;6;2014;11;5;18;5;45;-0.55;;;;;;;;;;2.01411E+13;05.11.14;0.46;0.78
498;0;0;0;-96;-264;-118;17;21;6;2014;11;6;18;55;31;0.2;;;;;;;;;;2.01411E+13;06.11.14;0.97;0.78
499;0;0;0;-168;-120;-176;9;14;5;2014;11;8;15;31;6;-0.1;;;;;;;;;;2.01411E+13;08.11.14;0.77;0.96
500;0;0;0;2;32;-18;23;35;10;2014;11;9;20;4;52;-0.87;;;;;;;;;;2.01411E+13;09.11.14;0.25;0.72
501;0;0;0;109;-125;75;18;28;6;2014;11;10;20;38;19;-0.19;;;;;;;;;;2.01411E+13;10.11.14;0.71;0.86
502;0;0;0;-141;-235;-173;23;33;6;2014;11;12;5;22;26;-0.65;;;;;;;;;;2.01411E+13;12.11.14;0.4;0.68
503;0;0;0;-63;-261;-72;18;30;6;2014;11;13;3;6;51;-0.88;;;;;;;;;;2.01411E+13;13.11.14;0.25;0.53
504;0;0;0;-89;-132;-101;24;33;10;2014;11;14;3;45;57;-0.93;;;;;;;;;;2.01411E+13;14.11.14;0.22;0.77
505;0;0;0;-76;-219;-120;24;33;8;2014;11;14;11;16;46;-0.72;;;;;;;;;;2.01411E+13;14.11.14;0.36;0.61
506;0;0;0;-88;-229;-103;7;11;5;2014;11;14;21;59;11;1.83;;;;;;;;;;2.01411E+13;14.11.14;2.05;0.8
507;0;0;0;-139;-181;-150;9;11;6;2014;11;14;23;28;16;0.63;;;;;;;;;;2.01411E+13;14.11.14;1.25;0.85
508;0;0;0;-31;-63;-9;9;14;4;2014;11;15;12;17;11;-0.61;;;;;;;;;;2.01411E+13;15.11.14;0.43;0.79
509;0;0;0;-116;-218;-146;12;14;6;2014;11;15;14;33;48;0.11;;;;;;;;;;2.01411E+13;15.11.14;0.91;0.81
510;0;0;0;-118;-92;-116;17;28;7;2014;11;15;19;1;12;-0.73;;;;;;;;;;2.01411E+13;15.11.14;0.34;0.83
511;0;0;0;-117;-108;-126;26;35;11;2014;11;16;8;56;11;-0.51;;;;;;;;;;2.01411E+13;16.11.14;0.49;0.88
512;0;0;0;-99;-41;-63;29;26;7;2014;11;16;11;13;5;-0.21;;;;;;;;;;2.01411E+13;16.11.14;0.7;0.86
513;0;0;0;-157;-91;-159;37;45;16;2014;11;18;22;8;21;-0.98;;;;;;;;;;2.01411E+13;18.11.14;0.18;0.72
514;0;0;0;-97;140;-114;13;16;6;2014;11;19;5;39;46;0.25;;;;;;;;;;2.01411E+13;19.11.14;1;0.83
515;0;0;0;-34;188;-71;31;42;10;2014;11;19;5;40;19;-0.74;;;;;;;;;;2.01411E+13;19.11.14;0.34;0.8
516;0;0;0;-183;-64;-141;54;61;24;2014;11;20;9;13;9;-0.62;;;;;;;;;;2.01411E+13;20.11.14;0.42;0.61
517;0;0;0;-130;-86;-134;26;35;13;2014;11;20;10;56;7;-0.7;;;;;;;;;;2.01411E+13;20.11.14;0.37;0.66
518;0;0;0;4;-210;-56;54;45;22;2014;11;21;0;10;21;-0.48;;;;;;;;;;2.01411E+13;21.11.14;0.51;0.71
519;0;0;0;-385;-314;-274;24;33;8;2014;11;21;20;15;33;-0.54;;;;;;;;;;2.01411E+13;21.11.14;0.47;0.81
520;0;0;0;11;23;10;9;14;5;2014;11;22;6;29;38;0.25;;;;;;;;;;2.01411E+13;22.11.14;1;0.82
521;0;0;0;-128;-69;-125;12;18;8;2014;11;22;11;31;39;1.18;;;;;;;;;;2.01411E+13;22.11.14;1.62;0.86
522;0;0;0;-174;-65;-127;35;45;16;2014;11;22;13;35;38;-0.69;;;;;;;;;;2.01411E+13;22.11.14;0.37;0.78
523;0;0;0;-107;-134;-97;20;23;6;2014;11;22;14;24;27;-0.14;;;;;;;;;;2.01411E+13;22.11.14;0.74;0.85
524;0;0;0;-153;-79;-155;27;35;12;2014;11;22;14;35;27;-0.79;;;;;;;;;;2.01411E+13;22.11.14;0.31;0.83
525;0;0;0;-168;-85;-154;46;56;20;2014;11;22;15;5;54;-0.75;;;;;;;;;;2.01411E+13;22.11.14;0.33;0.89
526;0;0;0;-144;-42;-102;35;40;15;2014;11;22;15;12;8;-0.55;;;;;;;;;;2.01411E+13;22.11.14;0.47;0.64
527;0;0;0;-133;-87;-124;34;40;15;2014;11;22;16;58;38;-0.95;;;;;;;;;;2.01411E+13;22.11.14;0.2;0.76
528;0;0;0;-402;-331;-284;23;30;8;2014;11;22;18;12;12;-0.73;;;;;;;;;;2.01411E+13;22.11.14;0.35;0.77
529;0;0;0;-131;-89;-136;27;37;12;2014;11;22;20;6;3;-0.5;;;;;;;;;;2.01411E+13;22.11.14;0.5;0.89
530;0;0;0;-153;-42;-138;45;59;11;2014;11;23;0;35;18;-0.39;;;;;;;;;;2.01411E+13;23.11.14;0.57;0.88
531;0;0;0;-136;-32;-105;9;14;6;2014;11;23;1;21;21;1.32;;;;;;;;;;2.01411E+13;23.11.14;1.72;0.89
532;0;0;0;-135;-20;-99;9;11;6;2014;11;23;9;12;30;0.54;;;;;;;;;;2.01411E+13;23.11.14;1.2;0.8
533;0;0;0;-152;-66;-138;27;33;9;2014;11;23;14;49;38;-0.17;;;;;;;;;;2.01411E+13;23.11.14;0.72;0.93
534;0;0;0;-108;-16;-85;18;28;6;2014;11;23;18;11;36;-0.66;;;;;;;;;;2.01411E+13;23.11.14;0.39;0.79
535;0;0;0;-137;-53;-109;10;16;5;2014;11;23;19;5;34;-0.13;;;;;;;;;;2.01411E+13;23.11.14;0.75;0.84
536;0;0;0;-189;-76;-157;37;47;16;2014;11;24;2;59;44;-0.94;;;;;;;;;;2.01411E+13;24.11.14;0.21;0.83
537;0;0;0;-156;-75;-144;21;35;9;2014;11;24;13;56;20;-0.6;;;;;;;;;;2.01411E+13;24.11.14;0.44;0.78
538;0;0;0;-147;-34;-135;9;11;5;2014;11;25;0;55;11;1.01;;;;;;;;;;2.01411E+13;25.11.14;1.51;0.9
539;0;0;0;-133;96;-141;27;28;10;2014;11;25;5;25;22;-0.47;;;;;;;;;;2.01411E+13;25.11.14;0.52;0.74
540;0;0;0;-156;-125;-164;18;28;8;2014;11;27;15;46;16;-0.46;;;;;;;;;;2.01411E+13;27.11.14;0.53;0.93
541;0;0;0;-126;-107;-147;23;33;12;2014;11;27;15;48;46;-0.64;;;;;;;;;;2.01411E+13;27.11.14;0.41;0.78
542;0;0;0;-142;-83;-136;26;37;11;2014;11;28;3;18;24;-0.92;;;;;;;;;;2.01411E+13;28.11.14;0.22;0.81
543;0;0;0;-135;-88;-126;26;33;11;2014;11;28;10;49;1;-0.46;;;;;;;;;;2.01411E+13;28.11.14;0.53;0.83
544;0;0;0;-135;-86;-127;38;56;12;2014;11;29;22;33;23;-0.93;;;;;;;;;;2.01411E+13;29.11.14;0.21;0.78
545;0;0;0;-97;46;-50;7;11;6;2014;11;30;8;7;31;1.07;;;;;;;;;;2.01411E+13;30.11.14;1.55;0.89
546;0;0;0;-89;3;-49;10;11;5;2014;11;30;15;47;46;0.3;;;;;;;;;;2.01411E+13;30.11.14;1.03;0.87
547;0;0;0;-71;44;-73;27;30;12;2014;11;30;20;28;15;-0.12;;;;;;;;;;2.01411E+13;30.11.14;0.75;0.8
548;0;0;0;-148;-157;-179;23;30;11;2014;11;30;20;30;58;-0.2;;;;;;;;;;2.01411E+13;30.11.14;0.7;0.9
549;0;0;0;-70;20;-65;27;37;7;2014;11;30;21;1;5;-0.35;;;;;;;;;;2.01411E+13;30.11.14;0.6;0.9
550;0;0;0;-72;-3;-28;15;16;6;2014;11;30;22;4;10;0.09;;;;;;;;;;2.01411E+13;30.11.14;0.89;0.89
551;0;0;0;-73;-26;-68;35;37;8;2014;11;30;22;6;0;-0.49;;;;;;;;;;2.01411E+13;30.11.14;0.51;0.84
552;0;0;0;-78;-31;-71;27;59;8;2014;11;30;22;14;6;-0.81;;;;;;;;;;2.01411E+13;30.11.14;0.29;0.83
553;0;0;0;-51;-51;-81;23;45;7;2014;11;30;22;19;29;-0.73;;;;;;;;;;2.01411E+13;30.11.14;0.35;0.73
554;0;0;0;-39;13;-47;41;21;10;2014;11;30;22;26;11;-0.3;;;;;;;;;;2.01411E+13;30.11.14;0.63;0.91
555;0;0;0;-129;-156;-163;32;61;12;2014;12;1;19;32;57;-0.9;;;;;;;;;;2.01412E+13;01.12.14;0.24;0.71
556;0;0;0;-155;-50;-162;9;14;6;2014;12;9;15;56;46;1.66;;;;;;;;;;2.01412E+13;09.12.14;1.94;0.9
557;0;0;0;-151;-108;-171;9;14;5;2014;12;9;18;6;50;1.2;;;;;;;;;;2.01412E+13;09.12.14;1.63;1
558;0;0;0;-124;-151;-136;9;14;5;2014;12;10;0;9;41;1.02;;;;;;;;;;2.01412E+13;10.12.14;1.51;0.94
559;0;0;0;-142;-88;-123;26;52;8;2014;12;10;0;10;7;-0.09;;;;;;;;;;2.01412E+13;10.12.14;0.77;0.89
560;0;0;0;-144;-124;-144;27;40;12;2014;12;10;0;16;13;-0.62;;;;;;;;;;2.01412E+13;10.12.14;0.42;0.83
561;0;0;0;-131;-75;-124;38;75;12;2014;12;10;11;28;16;-0.34;;;;;;;;;;2.01412E+13;10.12.14;0.6;0.82
562;0;0;0;-184;-32;-131;26;37;13;2014;12;11;16;33;48;-0.14;;;;;;;;;;2.01412E+13;11.12.14;0.74;0.9
563;0;0;0;-161;12;-153;24;23;9;2014;12;13;18;42;48;-0.89;;;;;;;;;;2.01412E+13;13.12.14;0.24;0.72
564;0;0;0;-134;-61;-93;29;52;10;2014;12;15;16;11;30;-0.64;;;;;;;;;;2.01412E+13;15.12.14;0.41;0.85
565;0;0;0;402;5;434;27;28;11;2014;12;17;7;53;9;-0.46;;;;;;;;;;2.01412E+13;17.12.14;0.53;0.54
566;0;0;0;-101;60;-78;15;21;9;2014;12;17;22;55;34;0.04;;;;;;;;;;2.01412E+13;17.12.14;0.86;0.81
567;0;0;0;-175;-18;-188;10;14;6;2014;12;18;2;32;27;0.34;;;;;;;;;;2.01412E+13;18.12.14;1.06;0.86
568;0;0;0;-183;-8;-173;57;56;24;2014;12;20;17;31;31;-0.36;;;;;;;;;;2.01412E+13;20.12.14;0.59;0.73
569;0;0;0;48;64;19;23;26;7;2014;12;20;22;37;11;-0.88;;;;;;;;;;2.01412E+13;20.12.14;0.25;0.73
570;0;0;0;-111;-1;-97;18;23;6;2014;12;21;13;38;4;-0.67;;;;;;;;;;2.01412E+13;21.12.14;0.39;0.78
571;0;0;0;-176;-89;-198;18;26;6;2014;12;21;14;8;17;-0.16;;;;;;;;;;2.01412E+13;21.12.14;0.73;0.93
572;0;0;0;-197;-37;-118;21;28;10;2014;12;24;7;49;26;-0.06;;;;;;;;;;2.01412E+13;24.12.14;0.79;0.89
573;0;0;0;-251;49;-121;26;37;13;2014;12;26;9;32;9;0.05;;;;;;;;;;2.01412E+13;26.12.14;0.87;0.88
574;0;0;0;-135;-79;-120;26;45;12;2014;12;27;2;55;11;-0.9;;;;;;;;;;2.01412E+13;27.12.14;0.23;0.8
575;0;0;0;-137;-158;-152;15;21;6;2014;12;27;17;49;5;-0.42;;;;;;;;;;2.01412E+13;27.12.14;0.56;0.85
576;0;0;0;-98;-165;-133;31;37;13;2014;12;28;17;33;16;-0.77;;;;;;;;;;2.01412E+13;28.12.14;0.32;0.78
577;0;0;0;-107;-210;-127;20;21;6;2014;12;28;17;36;59;0.02;;;;;;;;;;2.01412E+13;28.12.14;0.85;0.84
578;0;0;0;-71;-162;-110;17;26;7;2014;12;28;19;14;39;-0.27;;;;;;;;;;2.01412E+13;28.12.14;0.65;0.85
579;0;0;0;-115;-221;-153;10;14;6;2014;12;28;20;45;17;0.86;;;;;;;;;;2.01412E+13;28.12.14;1.4;0.86
580;0;0;0;-53;-175;-118;20;28;8;2014;12;28;20;45;52;-0.95;;;;;;;;;;2.01412E+13;28.12.14;0.2;0.59
581;0;0;0;-127;-184;-155;20;37;8;2014;12;29;19;7;37;-0.36;;;;;;;;;;2.01412E+13;29.12.14;0.6;0.87
582;0;0;0;-132;-113;-136;35;83;22;2014;12;30;2;17;48;-0.9;;;;;;;;;;2.01412E+13;30.12.14;0.24;0.75
583;0;0;0;-128;-46;-122;27;64;21;2014;12;30;5;29;55;-0.05;;;;;;;;;;2.01412E+13;30.12.14;0.8;0.89
584;0;0;0;-133;-40;-130;15;28;8;2014;12;30;8;22;23;-0.14;;;;;;;;;;2.01412E+13;30.12.14;0.74;0.88
585;0;0;0;-125;-197;-150;9;11;5;2014;12;30;8;36;18;1.63;;;;;;;;;;2.01412E+13;30.12.14;1.92;0.82
586;0;0;0;-145;-131;-149;18;35;8;2014;12;30;9;6;29;0;;;;;;;;;;2.01412E+13;30.12.14;0.84;0.95
587;0;0;0;-134;-104;-147;29;56;11;2014;12;30;9;38;49;-0.7;;;;;;;;;;2.01412E+13;30.12.14;0.37;0.81
588;0;0;0;-140;-94;-146;21;40;9;2014;12;31;4;40;26;-0.5;;;;;;;;;;2.01412E+13;31.12.14;0.5;0.9
589;0;0;0;-143;-183;-164;20;30;8;2014;12;31;20;46;42;-0.09;;;;;;;;;;2.01412E+13;31.12.14;0.77;0.9
590;0;0;0;-138;-84;-156;32;47;12;2015;1;1;4;27;48;-1.01;;;;;;;;;;2.01501E+13;01.01.15;0.16;0.72
591;0;0;0;-159;-23;-78;23;37;10;2015;1;3;4;17;5;-0.31;;;;;;;;;;2.01501E+13;03.01.15;0.63;0.87
592;0;0;0;-69;-205;-135;26;35;10;2015;1;6;20;59;30;-0.84;;;;;;;;;;2.01501E+13;06.01.15;0.28;0.67
593;0;0;0;-225;-400;-195;15;21;4;2015;1;9;0;28;13;-0.7;;;;;;;;;;2.01501E+13;09.01.15;0.36;0.59
594;0;0;0;-135;-93;-125;29;61;10;2015;1;10;2;20;32;-0.56;;;;;;;;;;2.01501E+13;10.01.15;0.46;0.67
595;0;0;0;-38;-45;-37;24;33;6;2015;1;13;5;28;31;-0.27;;;;;;;;;;2.01501E+13;13.01.15;0.66;0.92
596;0;0;0;-33;49;-2;23;23;8;2015;1;22;20;48;4;-0.27;;;;;;;;;;2.01501E+13;22.01.15;0.65;0.9
597;0;0;0;17;110;88;32;49;9;2015;1;25;22;4;10;-0.77;;;;;;;;;;2.01501E+13;25.01.15;0.32;0.6
598;0;0;0;-131;-137;74;62;78;20;2015;1;31;0;42;18;0.33;;;;;;;;;;2.01501E+13;31.01.15;1.05;0.89
599;0;0;0;63;-138;62;24;30;7;2015;2;16;19;0;0;-0.15;;;;;;;;;;2.01502E+13;16.02.15;0.73;0.8
600;0;0;0;-116;-63;-101;26;40;12;2015;2;17;16;32;11;-0.74;;;;;;;;;;2.01502E+13;17.02.15;0.34;0.63
601;0;0;0;-176;-75;-228;18;28;6;2015;2;20;11;48;19;-0.13;;;;;;;;;;2.01502E+13;20.02.15;0.74;0.83
602;0;0;0;-179;-88;-232;17;28;7;2015;2;22;0;9;27;-0.47;;;;;;;;;;2.01502E+13;22.02.15;0.52;0.8
603;0;0;0;-173;-101;-230;13;18;5;2015;2;22;8;18;17;0.01;;;;;;;;;;2.01502E+13;22.02.15;0.84;0.88
604;0;0;0;-140;-89;-118;29;49;10;2015;2;24;19;1;38;-0.26;;;;;;;;;;2.01502E+13;24.02.15;0.66;0.8
605;0;0;0;-175;-105;-209;21;30;11;2015;2;27;1;59;36;-0.44;;;;;;;;;;2.01502E+13;27.02.15;0.54;0.84
606;0;0;0;-189;16;-196;15;18;6;2015;2;27;21;27;49;-0.22;;;;;;;;;;2.01502E+13;27.02.15;0.69;0.82
607;0;0;0;-147;-32;-84;26;37;11;2015;3;3;17;22;0;-0.98;;;;;;;;;;2.01503E+13;03.03.15;0.18;0.58
608;0;0;0;-93;-31;-45;35;52;16;2015;3;23;0;30;28;-0.71;;;;;;;;;;2.01503E+13;23.03.15;0.36;0.82
609;0;0;0;-149;-19;-127;20;30;10;2015;3;23;20;0;41;-0.65;;;;;;;;;;2.01503E+13;23.03.15;0.4;0.85
610;0;0;0;-141;20;-108;18;33;8;2015;3;27;4;19;41;-0.5;;;;;;;;;;2.01503E+13;27.03.15;0.5;0.82
611;0;0;0;-101;45;-67;20;30;7;2015;4;6;23;14;23;-0.41;;;;;;;;;;2.01504E+13;06.04.15;0.56;0.82
612;0;0;0;-80;38;-28;23;33;7;2015;4;8;0;42;52;-0.64;;;;;;;;;;2.01504E+13;08.04.15;0.41;0.9
613;0;0;0;-104;-3;-71;9;11;5;2015;4;9;4;16;8;0.75;;;;;;;;;;2.01504E+13;09.04.15;1.33;0.9
614;0;0;0;-118;6;-87;9;14;6;2015;4;9;4;17;54;0.67;;;;;;;;;;2.01504E+13;09.04.15;1.28;0.84
615;0;0;0;363;232;380;13;21;6;2015;7;22;14;48;0;0.48;;;;;;;;;;2.01507E+13;22.07.15;1.15;0.92
616;0;0;0;351;261;394;12;14;6;2015;7;25;12;40;56;0.85;;;;;;;;;;2.01507E+13;25.07.15;1.4;0.92
617;0;0;0;326;301;393;12;16;6;2015;7;28;19;39;34;1.3;;;;;;;;;;2.01507E+13;28.07.15;1.7;0.9
618;0;0;0;344;265;385;12;16;6;2015;7;29;1;9;25;0.48;;;;;;;;;;2.01507E+13;29.07.15;1.15;0.88
619;0;0;0;334;230;357;15;21;6;2015;7;31;15;43;17;0.45;;;;;;;;;;2.01507E+13;31.07.15;1.13;0.92
620;0;0;0;368;250;407;12;16;6;2015;8;1;0;6;19;1.06;;;;;;;;;;2.01508E+13;01.08.15;1.54;1
621;0;0;0;324;279;376;13;18;6;2015;8;4;14;7;57;0.41;;;;;;;;;;2.01508E+13;04.08.15;1.1;0.86
622;0;0;0;331;266;368;13;18;6;2015;8;5;13;34;52;0.51;;;;;;;;;;2.01508E+13;05.08.15;1.17;0.9
623;0;0;0;369;272;413;12;16;6;2015;8;6;8;25;56;1.28;;;;;;;;;;2.01508E+13;06.08.15;1.68;0.98
624;0;0;0;309;285;355;12;16;6;2015;8;7;11;6;5;0.34;;;;;;;;;;2.01508E+13;07.08.15;1.06;0.85
625;0;0;0;288;315;349;10;14;6;2015;8;7;15;8;55;0.99;;;;;;;;;;2.01508E+13;07.08.15;1.5;0.8
626;0;0;0;384;240;413;12;16;6;2015;8;7;21;51;27;0.8;;;;;;;;;;2.01508E+13;07.08.15;1.36;0.96
627;0;0;0;295;269;325;10;14;6;2015;8;8;10;21;24;0.6;;;;;;;;;;2.01508E+13;08.08.15;1.23;0.81
628;0;0;0;371;313;430;12;16;6;2015;8;11;17;53;58;0.63;;;;;;;;;;2.01508E+13;11.08.15;1.25;0.9
629;0;0;0;395;292;435;15;18;6;2015;8;11;22;27;1;0.16;;;;;;;;;;2.01508E+13;11.08.15;0.94;0.87
630;0;0;0;312;265;353;15;21;6;2015;8;13;6;43;53;0.31;;;;;;;;;;2.01508E+13;13.08.15;1.04;0.85
631;0;0;0;336;227;356;12;14;6;2015;8;13;15;57;3;0.74;;;;;;;;;;2.01508E+13;13.08.15;1.33;0.92
632;0;0;0;346;271;437;13;18;7;2015;8;15;18;34;17;2.7;;;;;;;;;;2.01508E+13;15.08.15;2.63;0.76
633;0;0;0;235;358;292;10;14;6;2015;8;15;18;59;47;0.75;;;;;;;;;;2.01508E+13;15.08.15;1.33;0.85
634;0;0;0;215;382;282;10;11;6;2015;8;20;5;57;6;1.16;;;;;;;;;;2.01508E+13;20.08.15;1.61;0.89
635;0;0;0;177;424;265;17;23;8;2015;8;20;7;22;57;0.32;;;;;;;;;;2.01508E+13;20.08.15;1.04;0.9
636;0;0;0;200;411;288;13;16;7;2015;8;20;7;53;35;0.67;;;;;;;;;;2.01508E+13;20.08.15;1.28;0.86
637;0;0;0;224;409;323;10;14;6;2015;8;20;8;5;32;1.13;;;;;;;;;;2.01508E+13;20.08.15;1.58;0.85
638;0;0;0;245;382;342;10;14;6;2015;8;20;8;11;52;1.06;;;;;;;;;;2.01508E+13;20.08.15;1.54;0.84
639;0;0;0;291;448;428;12;16;6;2015;8;22;2;56;20;0.52;;;;;;;;;;2.01508E+13;22.08.15;1.18;0.89
640;0;0;0;328;395;451;13;18;7;2015;8;22;17;46;37;0.51;;;;;;;;;;2.01508E+13;22.08.15;1.17;0.92
641;0;0;0;321;435;481;17;18;8;2015;8;25;5;0;22;0.38;;;;;;;;;;2.01508E+13;25.08.15;1.09;0.95
642;0;0;0;195;433;290;13;16;7;2015;8;25;16;17;26;0.57;;;;;;;;;;2.01508E+13;25.08.15;1.21;0.85
643;0;0;0;317;251;342;10;14;6;2015;9;1;22;51;59;0.45;;;;;;;;;;2.01509E+13;01.09.15;1.13;0.86
644;0;0;0;331;406;475;12;16;6;2015;9;2;0;27;24;0.54;;;;;;;;;;2.01509E+13;02.09.15;1.19;1
645;0;0;0;354;382;496;13;18;6;2015;9;2;1;54;38;0.57;;;;;;;;;;2.01509E+13;02.09.15;1.21;0.84
646;0;0;0;353;359;473;12;14;6;2015;9;3;0;15;20;1.41;;;;;;;;;;2.01509E+13;03.09.15;1.77;0.85
647;0;0;0;330;387;456;15;21;8;2015;9;3;2;21;44;0.27;;;;;;;;;;2.01509E+13;03.09.15;1.02;0.91
648;0;0;0;316;427;459;12;16;6;2015;9;3;3;48;16;0.51;;;;;;;;;;2.01509E+13;03.09.15;1.17;0.89
649;0;0;0;310;459;486;12;16;6;2015;9;4;20;20;25;0.79;;;;;;;;;;2.01509E+13;04.09.15;1.36;0.89